pair,dataset,run,model,labels,n_total,count_positive,ratio_positive,count_negative,ratio_negative,count_neutral,ratio_neutral,accuracy_strict,precision_macro_strict,recall_macro_strict,f1_macro_strict,precision_weighted_strict,recall_weighted_strict,f1_weighted_strict,support_strict,accuracy_neutral,precision_macro_neutral,recall_macro_neutral,f1_macro_neutral,precision_weighted_neutral,recall_weighted_neutral,f1_weighted_neutral,support_neutral,count_normal,ratio_normal,count_depression,ratio_depression,count_bearish,ratio_bearish,count_bullish,ratio_bullish
ST-NF,imdb,run-001,BASE,positive|negative|neutral,10000.0,4623.0,0.4623,5343.0,0.5343,34.0,0.0034,0.9265,0.9318787625721695,0.9265,0.927965996497824,0.9318787625721696,0.9265,0.9279659964978239,10000,0.9265,0.9318787625721695,0.9265,0.927965996497824,0.9318787625721696,0.9265,0.9279659964978239,10000,,,,,,,,
ST-NF,imdb,run-001,NF,positive|negative|neutral,10000.0,5119.0,0.5119,4798.0,0.4798,83.0,0.0083,0.9273,0.9355091425164861,0.9273,0.93114239992951,0.9355091425164861,0.9273,0.9311423999295101,10000,0.9273,0.9355091425164861,0.9273,0.93114239992951,0.9355091425164861,0.9273,0.9311423999295101,10000,,,,,,,,
ST-NF,imdb,run-001,ST,positive|negative|neutral,10000.0,4095.0,0.4095,5771.0,0.5771,134.0,0.0134,0.8895,0.912929283696915,0.8895,0.8944684454710077,0.912929283696915,0.8895,0.8944684454710077,10000,0.8895,0.912929283696915,0.8895,0.8944684454710077,0.912929283696915,0.8895,0.8944684454710077,10000,,,,,,,,
ST-NF,imdb,run-002,BASE,positive|negative|neutral,10000.0,4623.0,0.4623,5343.0,0.5343,34.0,0.0034,0.9265,0.9318787625721695,0.9265,0.927965996497824,0.9318787625721696,0.9265,0.9279659964978239,10000,0.9265,0.9318787625721695,0.9265,0.927965996497824,0.9318787625721696,0.9265,0.9279659964978239,10000,,,,,,,,
ST-NF,imdb,run-002,NF,positive|negative|neutral,10000.0,5111.0,0.5111,4781.0,0.4781,108.0,0.0108,0.9253,0.9358806959868662,0.9253,0.9303012302123457,0.9358806959868662,0.9253,0.9303012302123458,10000,0.9253,0.9358806959868662,0.9253,0.9303012302123457,0.9358806959868662,0.9253,0.9303012302123458,10000,,,,,,,,
ST-NF,imdb,run-002,ST,positive|negative|neutral,10000.0,4109.0,0.4109,5749.0,0.5749,142.0,0.0142,0.8904,0.9140784893611176,0.8904,0.8957566163494661,0.9140784893611177,0.8904,0.8957566163494659,10000,0.8904,0.9140784893611176,0.8904,0.8957566163494661,0.9140784893611177,0.8904,0.8957566163494659,10000,,,,,,,,
ST-NF,imdb,avg,BASE,positive|negative|neutral,10000.0,4623.0,0.4623,5343.0,0.5343,34.0,0.0034,0.9265,0.9318787625721695,0.9265,0.927965996497824,0.9318787625721696,0.9265,0.9279659964978239,10000,0.9265,0.9318787625721695,0.9265,0.927965996497824,0.9318787625721696,0.9265,0.9279659964978239,10000,,,,,,,,
ST-NF,imdb,avg,NF,positive|negative|neutral,10000.0,5115.0,0.5115,4789.5,0.47895,95.5,0.00955,0.9263,0.9356949192516761,0.9263,0.9307218150709278,0.9356949192516761,0.9263,0.930721815070928,10000,0.9263,0.9356949192516761,0.9263,0.9307218150709278,0.9356949192516761,0.9263,0.930721815070928,10000,,,,,,,,
ST-NF,imdb,avg,ST,positive|negative|neutral,10000.0,4102.0,0.4102,5760.0,0.576,138.0,0.0138,0.88995,0.9135038865290163,0.88995,0.8951125309102369,0.9135038865290164,0.88995,0.8951125309102368,10000,0.88995,0.9135038865290163,0.88995,0.8951125309102369,0.9135038865290164,0.88995,0.8951125309102368,10000,,,,,,,,
ST-NF,mental,run-001,BASE,normal|depression|neutral,31747.0,,,,,262.0,0.00825274829117712,0.5971272876177277,0.7370436852209301,0.6076081043593938,0.5481880514291009,0.7426188550063219,0.5971272876177277,0.5437367980253128,31747,0.5971272876177277,0.7370436852209301,0.6076081043593938,0.5481880514291009,0.7426188550063219,0.5971272876177277,0.5437367980253128,31747,4472.0,0.14086370365703846,27013.0,0.8508835480517845,,,,
ST-NF,mental,run-001,NF,normal|depression|neutral,31747.0,,,,,1709.0,0.05383185812832709,0.5345386965697546,0.7107262371657004,0.5443893695228965,0.496041577367046,0.716504510976908,0.5345386965697546,0.4915073954600691,31747,0.5345386965697546,0.7107262371657004,0.5443893695228965,0.496041577367046,0.716504510976908,0.5345386965697546,0.4915073954600691,31747,3812.0,0.12007433773269915,26226.0,0.8260938041389737,,,,
ST-NF,mental,run-001,ST,normal|depression|neutral,31747.0,,,,,1020.0,0.03212902006488802,0.7790027404164173,0.8131405629523683,0.7812560670892985,0.7911115275446532,0.8148882182080731,0.7790027404164173,0.7907767503644527,31747,0.7790027404164173,0.8131405629523683,0.7812560670892985,0.7911115275446532,0.8148882182080731,0.7790027404164173,0.7907767503644527,31747,13211.0,0.41613380791885846,17516.0,0.5517371720162535,,,,
ST-NF,mental,run-002,BASE,normal|depression|neutral,31747.0,,,,,262.0,0.00825274829117712,0.5971272876177277,0.7370436852209301,0.6076081043593938,0.5481880514291009,0.7426188550063219,0.5971272876177277,0.5437367980253128,31747,0.5971272876177277,0.7370436852209301,0.6076081043593938,0.5481880514291009,0.7426188550063219,0.5971272876177277,0.5437367980253128,31747,4472.0,0.14086370365703846,27013.0,0.8508835480517845,,,,
ST-NF,mental,run-002,NF,normal|depression|neutral,31747.0,,,,,1613.0,0.0508079503575141,0.5419409708003906,0.7129167803091516,0.5517151343171643,0.5049055955094297,0.7186288594446293,0.5419409708003906,0.5004912832054673,31747,0.5419409708003906,0.7129167803091516,0.5517151343171643,0.5049055955094297,0.7186288594446293,0.5419409708003906,0.5004912832054673,31747,3991.0,0.12571266576369422,26143.0,0.8234793838787917,,,,
ST-NF,mental,run-002,ST,normal|depression|neutral,31747.0,,,,,886.0,0.027908148801461554,0.7919488455602104,0.820095746486853,0.793830257874344,0.8027971789827071,0.8215478824607739,0.7919488455602104,0.8025271816674514,31747,0.7919488455602104,0.820095746486853,0.793830257874344,0.8027971789827071,0.8215478824607739,0.7919488455602104,0.8025271816674514,31747,13730.0,0.4324818093048162,17131.0,0.5396100418937222,,,,
ST-NF,mental,avg,BASE,normal|depression|neutral,31747.0,,,,,262.0,0.00825274829117712,0.5971272876177277,0.7370436852209301,0.6076081043593938,0.5481880514291009,0.7426188550063219,0.5971272876177277,0.5437367980253128,31747,0.5971272876177277,0.7370436852209301,0.6076081043593938,0.5481880514291009,0.7426188550063219,0.5971272876177277,0.5437367980253128,31747,4472.0,0.14086370365703846,27013.0,0.8508835480517845,,,,
ST-NF,mental,avg,NF,normal|depression|neutral,31747.0,,,,,1661.0,0.052319904242920594,0.5382398336850727,0.711821508737426,0.5480522519200304,0.5004735864382379,0.7175666852107687,0.5382398336850727,0.4959993393327682,31747,0.5382398336850727,0.711821508737426,0.5480522519200304,0.5004735864382379,0.7175666852107687,0.5382398336850727,0.4959993393327682,31747,3901.5,0.12289350174819667,26184.5,0.8247865940088828,,,,
ST-NF,mental,avg,ST,normal|depression|neutral,31747.0,,,,,953.0,0.03001858443317479,0.7854757929883138,0.8166181547196106,0.7875431624818212,0.7969543532636801,0.8182180503344235,0.7854757929883138,0.7966519660159521,31747,0.7854757929883138,0.8166181547196106,0.7875431624818212,0.7969543532636801,0.8182180503344235,0.7854757929883138,0.7966519660159521,31747,13470.5,0.4243078086118373,17323.5,0.5456736069549879,,,,
ST-NF,news,run-001,BASE,neutral|bearish|bullish,11931.0,,,,,3865.0,0.3239460229653843,0.600033526108457,0.6142924679879471,0.7294047658553365,0.6044963210398845,0.7494132661774064,0.600033526108457,0.601903135825658,11931,0.6002011566507418,0.6143088550311541,0.7294908540096064,0.6045765808896332,0.7494451749686046,0.6002011566507418,0.6020594175144822,11931,,,,,2840.0,0.2380353700444221,5226.0,0.4380186069901936
ST-NF,news,run-001,NF,neutral|bearish|bullish,11931.0,,,,,1601.0,0.13418824909898583,0.4025647472969575,0.5997810493982312,0.586840469715116,0.4507629647183616,0.7153107461336374,0.4025647472969575,0.3716764424179002,11931,0.4031514541949543,0.5999776277078458,0.587141778255061,0.45118859460004995,0.7156935227063443,0.4031514541949543,0.3725052273823947,11931,,,,,1636.0,0.1371217835889699,8694.0,0.7286899673120443
ST-NF,news,run-001,ST,neutral|bearish|bullish,11931.0,,,,,5762.0,0.48294359232252115,0.6980135780739251,0.6501085003490199,0.7471492802208982,0.6738258174300348,0.7572930310561942,0.6980135780739251,0.7078797024247757,11931,0.6981812086162099,0.6501237463091417,0.7472353683751681,0.6738879789665727,0.7573227179345404,0.6981812086162099,0.7080007431436466,11931,,,,,3155.0,0.2644371804542788,3014.0,0.25261922722320007
ST-NF,news,run-002,BASE,neutral|bearish|bullish,11931.0,,,,,3865.0,0.3239460229653843,0.600033526108457,0.6142924679879471,0.7294047658553365,0.6044963210398845,0.7494132661774064,0.600033526108457,0.601903135825658,11931,0.6002011566507418,0.6143088550311541,0.7294908540096064,0.6045765808896332,0.7494451749686046,0.6002011566507418,0.6020594175144822,11931,,,,,2840.0,0.2380353700444221,5226.0,0.4380186069901936
ST-NF,news,run-002,NF,neutral|bearish|bullish,11931.0,,,,,1610.0,0.13494258653926747,0.4020618556701031,0.600459153305349,0.58567388518584,0.4509063190769594,0.7137372830889568,0.4020618556701031,0.3716760775790646,11931,0.4027323778392423,0.6006886800615001,0.5860182378029198,0.4513922962694324,0.7141842167574592,0.4027323778392423,0.37262237060861225,11931,,,,,1613.0,0.13519403235269467,8708.0,0.7298633811080378
ST-NF,news,run-002,ST,neutral|bearish|bullish,11931.0,,,,,5745.0,0.4815187327131003,0.6965049031933618,0.6484811573963655,0.7461378913091821,0.6724349080965154,0.7560117527663367,0.6965049031933618,0.7062624112811114,11931,0.6966725337356466,0.6484965139402056,0.7462239794634521,0.6724972337550476,0.7560416549728988,0.6966725337356466,0.7063837715777351,11931,,,,,3138.0,0.2630123208448579,3048.0,0.25546894644204177
ST-NF,news,avg,BASE,neutral|bearish|bullish,11931.0,,,,,3865.0,0.3239460229653843,0.600033526108457,0.6142924679879471,0.7294047658553365,0.6044963210398845,0.7494132661774064,0.600033526108457,0.601903135825658,11931,0.6002011566507418,0.6143088550311541,0.7294908540096064,0.6045765808896332,0.7494451749686046,0.6002011566507418,0.6020594175144822,11931,,,,,2840.0,0.2380353700444221,5226.0,0.4380186069901936
ST-NF,news,avg,NF,neutral|bearish|bullish,11931.0,,,,,1605.5,0.13456541781912665,0.4023133014835303,0.6001201013517901,0.586257177450478,0.4508346418976605,0.7145240146112971,0.4023133014835303,0.3716762599984824,11931,0.4029419160170983,0.600333153884673,0.5865800080289905,0.45129044543474117,0.7149388697319018,0.4029419160170983,0.3725637989955035,11931,,,,,1624.5,0.1361579079708323,8701.0,0.729276674210041
ST-NF,news,avg,ST,neutral|bearish|bullish,11931.0,,,,,5753.5,0.48223116251781073,0.6972592406336434,0.6492948288726927,0.7466435857650402,0.6731303627632751,0.7566523919112654,0.6972592406336434,0.7070710568529436,11931,0.6974268711759283,0.6493101301246736,0.7467296739193101,0.6731926063608101,0.7566821864537197,0.6974268711759283,0.7071922573606908,11931,,,,,3146.5,0.26372475064956835,3031.0,0.2540440868326209
ST-NF,fiqasa,run-001,BASE,positive|negative|neutral,1173.0,236.0,0.20119352088661552,587.0,0.5004262574595055,350.0,0.29838022165387895,0.5140664961636828,0.5537654384292083,0.5758578954937533,0.45989155526653697,0.7779515920093809,0.5140664961636828,0.5239134832338336,1173,0.5140664961636828,0.5535136595567398,0.5758578954937533,0.45957474922242864,0.7778929938574765,0.5140664961636828,0.523839750880857,1173,,,,,,,,
ST-NF,fiqasa,run-001,NF,positive|negative|neutral,1173.0,598.0,0.5098039215686274,491.0,0.4185848252344416,84.0,0.07161125319693094,0.7612958226768969,0.6135823392200356,0.6330636952713068,0.614933831791869,0.7842690747466451,0.7612958226768969,0.7629838387156782,1173,0.7612958226768969,0.6125305128670044,0.6330636952713068,0.6144521678619292,0.7840242762859652,0.7612958226768969,0.7628717379033392,1173,,,,,,,,
ST-NF,fiqasa,run-001,ST,positive|negative|neutral,1173.0,201.0,0.17135549872122763,683.0,0.5822676896845694,289.0,0.2463768115942029,0.4961636828644501,0.5437118036701747,0.55968989917656,0.43513570275343355,0.7700420371664907,0.4961636828644501,0.4833514468181681,1173,0.4961636828644501,0.5437118036701747,0.55968989917656,0.43513570275343355,0.7700420371664907,0.4961636828644501,0.4833514468181681,1173,,,,,,,,
ST-NF,fiqasa,run-002,BASE,positive|negative|neutral,1173.0,236.0,0.20119352088661552,587.0,0.5004262574595055,350.0,0.29838022165387895,0.5140664961636828,0.5537654384292083,0.5758578954937533,0.45989155526653697,0.7779515920093809,0.5140664961636828,0.5239134832338336,1173,0.5140664961636828,0.5535136595567398,0.5758578954937533,0.45957474922242864,0.7778929938574765,0.5140664961636828,0.523839750880857,1173,,,,,,,,
ST-NF,fiqasa,run-002,NF,positive|negative|neutral,1173.0,615.0,0.5242966751918159,484.0,0.41261722080136404,74.0,0.06308610400682012,0.7715260017050298,0.6228473416852361,0.6349729140220984,0.6208183163292084,0.7869045676057433,0.7715260017050298,0.7708744231482644,1173,0.7715260017050298,0.6215515253209266,0.6349729140220984,0.6203009475191567,0.7866029837460191,0.7715260017050298,0.7707540125044928,1173,,,,,,,,
ST-NF,fiqasa,run-002,ST,positive|negative|neutral,1173.0,208.0,0.1773231031543052,652.0,0.5558397271952259,313.0,0.2668371696504689,0.49957374254049447,0.5460293575897567,0.5633797230712138,0.4403270108444677,0.7727300975520172,0.49957374254049447,0.4930104082293353,1173,0.49957374254049447,0.5460293575897567,0.5633797230712138,0.4403270108444677,0.7727300975520172,0.49957374254049447,0.4930104082293353,1173,,,,,,,,
ST-NF,fiqasa,avg,BASE,positive|negative|neutral,1173.0,236.0,0.20119352088661552,587.0,0.5004262574595055,350.0,0.29838022165387895,0.5140664961636828,0.5537654384292083,0.5758578954937533,0.45989155526653697,0.7779515920093809,0.5140664961636828,0.5239134832338336,1173,0.5140664961636828,0.5535136595567398,0.5758578954937533,0.45957474922242864,0.7778929938574765,0.5140664961636828,0.523839750880857,1173,,,,,,,,
ST-NF,fiqasa,avg,NF,positive|negative|neutral,1173.0,606.5,0.5170502983802217,487.5,0.4156010230179028,79.0,0.06734867860187553,0.7664109121909634,0.6182148404526359,0.6340183046467026,0.6178760740605387,0.7855868211761943,0.7664109121909634,0.7669291309319712,1173,0.7664109121909634,0.6170410190939655,0.6340183046467026,0.617376557690543,0.7853136300159922,0.7664109121909634,0.7668128752039161,1173,,,,,,,,
ST-NF,fiqasa,avg,ST,positive|negative|neutral,1173.0,204.5,0.17433930093776642,667.5,0.5690537084398977,301.0,0.2566069906223359,0.4978687127024723,0.5448705806299656,0.5615348111238869,0.4377313567989506,0.7713860673592539,0.4978687127024723,0.4881809275237517,1173,0.4978687127024723,0.5448705806299656,0.5615348111238869,0.4377313567989506,0.7713860673592539,0.4978687127024723,0.4881809275237517,1173,,,,,,,,
ST-NF,imdb_sklearn,run-001,BASE,positive|negative|neutral,10000.0,4684.0,0.4684,5316.0,0.5316,0.0,0.0,0.9336,0.9355165174948386,0.9337905636720767,0.9335448794648233,0.9356863355007102,0.9336,0.9335341615829835,10000,0.9336,0.9355165174948386,0.9337905636720767,0.9335448794648233,0.9356863355007102,0.9336,0.9335341615829835,10000,,,,,,,,
ST-NF,imdb_sklearn,run-001,NF,positive|negative|neutral,10000.0,5282.0,0.5282,4674.0,0.4674,44.0,0.0044,0.9348,0.9403404105983506,0.934637790241102,0.936757731955653,0.9402111949464819,0.9348,0.9367751282299313,10000,0.9348,0.9403404105983506,0.934637790241102,0.936757731955653,0.9402111949464819,0.9348,0.9367751282299313,10000,,,,,,,,
ST-NF,imdb_sklearn,run-001,ST,positive|negative|neutral,10000.0,4169.0,0.4169,5761.0,0.5761,70.0,0.007,0.9,0.9171637359905394,0.9004706387592315,0.9024112625045206,0.9175416512109928,0.9,0.9023567808545234,10000,0.9,0.9171637359905394,0.9004706387592315,0.9024112625045206,0.9175416512109928,0.9,0.9023567808545234,10000,,,,,,,,
ST-NF,imdb_sklearn,run-002,BASE,positive|negative|neutral,10000.0,4684.0,0.4684,5316.0,0.5316,0.0,0.0,0.9336,0.9355165174948386,0.9337905636720767,0.9335448794648233,0.9356863355007102,0.9336,0.9335341615829835,10000,0.9336,0.9355165174948386,0.9337905636720767,0.9335448794648233,0.9356863355007102,0.9336,0.9335341615829835,10000,,,,,,,,
ST-NF,imdb_sklearn,run-002,NF,positive|negative|neutral,10000.0,5285.0,0.5285,4663.0,0.4663,52.0,0.0052,0.934,0.9403585990966141,0.9338332850118181,0.9363236861633064,0.9402263657761101,0.934,0.9363419820440151,10000,0.934,0.9403585990966141,0.9338332850118181,0.9363236861633064,0.9402263657761101,0.934,0.9363419820440151,10000,,,,,,,,
ST-NF,imdb_sklearn,run-002,ST,positive|negative|neutral,10000.0,4182.0,0.4182,5744.0,0.5744,74.0,0.0074,0.9008,0.9179446933335464,0.9012628236021482,0.9034191619460321,0.9183158242847381,0.9008,0.9033653566586783,10000,0.9008,0.9179446933335464,0.9012628236021482,0.9034191619460321,0.9183158242847381,0.9008,0.9033653566586783,10000,,,,,,,,
ST-NF,imdb_sklearn,avg,BASE,positive|negative|neutral,10000.0,4684.0,0.4684,5316.0,0.5316,0.0,0.0,0.9336,0.9355165174948386,0.9337905636720767,0.9335448794648233,0.9356863355007102,0.9336,0.9335341615829835,10000,0.9336,0.9355165174948386,0.9337905636720767,0.9335448794648233,0.9356863355007102,0.9336,0.9335341615829835,10000,,,,,,,,
ST-NF,imdb_sklearn,avg,NF,positive|negative|neutral,10000.0,5283.5,0.52835,4668.5,0.46685,48.0,0.0048,0.9344,0.9403495048474824,0.93423553762646,0.9365407090594797,0.940218780361296,0.9344,0.9365585551369732,10000,0.9344,0.9403495048474824,0.93423553762646,0.9365407090594797,0.940218780361296,0.9344,0.9365585551369732,10000,,,,,,,,
ST-NF,imdb_sklearn,avg,ST,positive|negative|neutral,10000.0,4175.5,0.41755,5752.5,0.57525,72.0,0.0072,0.9004000000000001,0.9175542146620429,0.9008667311806898,0.9029152122252764,0.9179287377478655,0.9004000000000001,0.9028610687566009,10000,0.9004000000000001,0.9175542146620429,0.9008667311806898,0.9029152122252764,0.9179287377478655,0.9004000000000001,0.9028610687566009,10000,,,,,,,,
ST-NF,sst2,run-001,BASE,positive|negative|neutral,10000.0,3857.0,0.3857,5579.0,0.5579,564.0,0.0564,0.8071,0.8743451997362419,0.8218326386978336,0.829650405547375,0.8853627340210518,0.8071,0.8269552592503072,10000,0.8071,0.8743451997362419,0.8218326386978336,0.829650405547375,0.8853627340210518,0.8071,0.8269552592503072,10000,,,,,,,,
ST-NF,sst2,run-001,NF,positive|negative|neutral,10000.0,5268.0,0.5268,4347.0,0.4347,385.0,0.0385,0.8749,0.9089575823506695,0.8747998950977621,0.8915288961280605,0.910034289272365,0.8749,0.8920988316101263,10000,0.8749,0.9089575823506695,0.8747998950977621,0.8915288961280605,0.910034289272365,0.8749,0.8920988316101263,10000,,,,,,,,
ST-NF,sst2,run-001,ST,positive|negative|neutral,10000.0,2458.0,0.2458,6650.0,0.665,892.0,0.0892,0.6822,0.8261968591127942,0.7106375003494112,0.6996315960653039,0.8439395845512888,0.6822,0.6903330973032599,10000,0.6822,0.8261968591127942,0.7106375003494112,0.6996315960653039,0.8439395845512888,0.6822,0.6903330973032599,10000,,,,,,,,
ST-NF,sst2,run-002,BASE,positive|negative|neutral,10000.0,3857.0,0.3857,5579.0,0.5579,564.0,0.0564,0.8071,0.8743451997362419,0.8218326386978336,0.829650405547375,0.8853627340210518,0.8071,0.8269552592503072,10000,0.8071,0.8743451997362419,0.8218326386978336,0.829650405547375,0.8853627340210518,0.8071,0.8269552592503072,10000,,,,,,,,
ST-NF,sst2,run-002,NF,positive|negative|neutral,10000.0,5297.0,0.5297,4322.0,0.4322,381.0,0.0381,0.8753,0.9091204349645845,0.8748620306204341,0.8916578104499219,0.9100070428792564,0.8753,0.8923117313036549,10000,0.8753,0.9091204349645845,0.8748620306204341,0.8916578104499219,0.9100070428792564,0.8753,0.8923117313036549,10000,,,,,,,,
ST-NF,sst2,run-002,ST,positive|negative|neutral,10000.0,2509.0,0.2509,6588.0,0.6588,903.0,0.0903,0.6869,0.8290538699419189,0.7148022187074121,0.7058815773821971,0.8465074475845668,0.6869,0.696853747898495,10000,0.6869,0.8290538699419189,0.7148022187074121,0.7058815773821971,0.8465074475845668,0.6869,0.696853747898495,10000,,,,,,,,
ST-NF,sst2,avg,BASE,positive|negative|neutral,10000.0,3857.0,0.3857,5579.0,0.5579,564.0,0.0564,0.8071,0.8743451997362419,0.8218326386978336,0.829650405547375,0.8853627340210518,0.8071,0.8269552592503072,10000,0.8071,0.8743451997362419,0.8218326386978336,0.829650405547375,0.8853627340210518,0.8071,0.8269552592503072,10000,,,,,,,,
ST-NF,sst2,avg,NF,positive|negative|neutral,10000.0,5282.5,0.52825,4334.5,0.43345,383.0,0.0383,0.8751,0.909039008657627,0.8748309628590981,0.8915933532889913,0.9100206660758107,0.8751,0.8922052814568906,10000,0.8751,0.909039008657627,0.8748309628590981,0.8915933532889913,0.9100206660758107,0.8751,0.8922052814568906,10000,,,,,,,,
ST-NF,sst2,avg,ST,positive|negative|neutral,10000.0,2483.5,0.24835,6619.0,0.6619,897.5,0.08975,0.68455,0.8276253645273566,0.7127198595284117,0.7027565867237505,0.8452235160679278,0.68455,0.6935934226008774,10000,0.68455,0.8276253645273566,0.7127198595284117,0.7027565867237505,0.8452235160679278,0.68455,0.6935934226008774,10000,,,,,,,,
