dataset,df,effect_cramers_v,effect_js,effect_tv,labels,model,model_root,n_dropped,n_total,n_used,p_value,pair,run,source_file,statistic,test
imdb,2,0.1110170755451428,0.0006792533084597563,0.024800000000000027,positive|negative|neutral,F,llama-3b_newlayout,0,10000,10000,2.979288148736876e-54,decision,run-001,llama-3b_newlayout/decision/summaries/sentiment_significance.csv,246.49582125191884,stuart_maxwell
imdb,2,0.09582713674883583,0.0007199430880659276,0.020000000000000028,positive|negative|neutral,F,llama-3b_newlayout,0,10000,10000,1.3165337620843117e-40,decision,run-002,llama-3b_newlayout/decision/summaries/sentiment_significance.csv,183.65680274960167,stuart_maxwell
imdb,2,0.14279669259352412,0.003797214410620271,0.0406,positive|negative|neutral,T,llama-3b_newlayout,0,10000,10000,2.7763000388850214e-89,decision,run-001,llama-3b_newlayout/decision/summaries/sentiment_significance.csv,407.8179083129885,stuart_maxwell
imdb,2,0.13872237803650664,0.0026188956699631856,0.038599999999999975,positive|negative|neutral,T,llama-3b_newlayout,0,10000,10000,2.6595744544494623e-84,decision,run-002,llama-3b_newlayout/decision/summaries/sentiment_significance.csv,384.8779633620692,stuart_maxwell
mental,1,0.16082167750750267,0.0012825189574891451,0.02814569536423845,normal|depression,F,llama-3b_newlayout,339,31747,31408,2.654879962867571e-220,decision,run-001,llama-3b_newlayout/decision/summaries/sentiment_significance.csv,962.0,mcnemar_exact
mental,1,0.24880811349175735,0.007110994097070077,0.06203252808809956,normal|depression,F,llama-3b_newlayout,328,31747,31419,0.0,decision,run-002,llama-3b_newlayout/decision/summaries/sentiment_significance.csv,1953.0,mcnemar_exact
mental,1,0.030491287859465536,2.7186954606567195e-05,0.004260054045461731,normal|depression,T,llama-3b_newlayout,292,31747,31455,7.122484821297147e-08,decision,run-001,llama-3b_newlayout/decision/summaries/sentiment_significance.csv,614.0,mcnemar_exact
mental,1,0.03359961947422846,2.8470706376736675e-05,0.004359170166730292,normal|depression,T,llama-3b_newlayout,319,31747,31428,2.7567895257476673e-09,decision,run-002,llama-3b_newlayout/decision/summaries/sentiment_significance.csv,529.0,mcnemar_exact
news,2,0.1471534031702919,0.001719147095935472,0.046266029670605946,neutral|bearish|bullish,F,llama-3b_newlayout,0,11931,11931,6.276178609543423e-113,decision,run-001,llama-3b_newlayout/decision/summaries/sentiment_significance.csv,516.7107084294488,stuart_maxwell
news,2,0.19207547078691145,0.007977298869660655,0.0875031430726678,neutral|bearish|bullish,F,llama-3b_newlayout,0,11931,11931,6.86280455654759e-192,decision,run-002,llama-3b_newlayout/decision/summaries/sentiment_significance.csv,880.3404433383622,stuart_maxwell
news,2,0.2213439526207208,0.007580472949719936,0.09865057413460736,neutral|bearish|bullish,T,llama-3b_newlayout,0,11931,11931,1.3762966559794678e-254,decision,run-001,llama-3b_newlayout/decision/summaries/sentiment_significance.csv,1169.0744346224099,stuart_maxwell
news,2,0.21310013125830865,0.006978797828193502,0.09513033274662647,neutral|bearish|bullish,T,llama-3b_newlayout,0,11931,11931,4.970376485819778e-236,decision,run-002,llama-3b_newlayout/decision/summaries/sentiment_significance.csv,1083.6131727153625,stuart_maxwell
fiqasa,2,0.28534171385403234,0.025867965589512196,0.1628303495311168,positive|negative|neutral,F,llama-3b_newlayout,0,1173,1173,3.330220894647826e-42,decision,run-001,llama-3b_newlayout/decision/summaries/sentiment_significance.csv,191.0110705384571,stuart_maxwell
fiqasa,2,0.29533197929157823,0.02910025159329413,0.17391304347826086,positive|negative|neutral,F,llama-3b_newlayout,0,1173,1173,3.691829002133728e-45,decision,run-002,llama-3b_newlayout/decision/summaries/sentiment_significance.csv,204.62041436989165,stuart_maxwell
fiqasa,2,0.2689630529061069,0.025110244480640864,0.14066496163682862,positive|negative|neutral,T,llama-3b_newlayout,0,1173,1173,1.4042596014979176e-37,decision,run-001,llama-3b_newlayout/decision/summaries/sentiment_significance.csv,169.71227650183286,stuart_maxwell
fiqasa,2,0.19053770280226756,0.005474031302332469,0.0630861040068201,positive|negative|neutral,T,llama-3b_newlayout,0,1173,1173,3.2020844135863912e-19,decision,run-002,llama-3b_newlayout/decision/summaries/sentiment_significance.csv,85.17062957978165,stuart_maxwell
imdb_sklearn,2,0.08356854466519423,0.0001827805707929923,0.01589999999999997,positive|negative|neutral,F,llama-3b_newlayout,0,10000,10000,4.679172641186482e-31,decision,run-001,llama-3b_newlayout/decision/summaries/sentiment_significance.csv,139.67403314917124,stuart_maxwell
imdb_sklearn,2,0.0675874582754007,0.0001024220082723546,0.011899999999999966,positive|negative|neutral,F,llama-3b_newlayout,0,10000,10000,1.4492652423538497e-20,decision,run-002,llama-3b_newlayout/decision/summaries/sentiment_significance.csv,91.36129032258061,stuart_maxwell
imdb_sklearn,2,0.15668439615992397,0.0017619975023407536,0.049100000000000005,positive|negative|neutral,T,llama-3b_newlayout,0,10000,10000,2.402728460984503e-107,decision,run-001,llama-3b_newlayout/decision/summaries/sentiment_significance.csv,491.0,stuart_maxwell
imdb_sklearn,2,0.14560219778561034,0.0013118496165949907,0.04239999999999999,positive|negative|neutral,T,llama-3b_newlayout,0,10000,10000,8.50295413530422e-93,decision,run-002,llama-3b_newlayout/decision/summaries/sentiment_significance.csv,423.99999999999994,stuart_maxwell
sst2,2,0.19700197425097696,0.003995521709976481,0.07319999999999996,positive|negative|neutral,F,llama-3b_newlayout,0,10000,10000,2.8266778801666097e-169,decision,run-001,llama-3b_newlayout/decision/summaries/sentiment_significance.csv,776.1955571756516,stuart_maxwell
sst2,2,0.19874315269797094,0.0054434966996663395,0.07959999999999998,positive|negative|neutral,F,llama-3b_newlayout,0,10000,10000,2.875505692098979e-172,decision,run-002,llama-3b_newlayout/decision/summaries/sentiment_significance.csv,789.9768148865797,stuart_maxwell
sst2,2,0.26378824860265887,0.02335221437793865,0.1337,positive|negative|neutral,T,llama-3b_newlayout,0,10000,10000,6.302095320230546e-303,decision,run-001,llama-3b_newlayout/decision/summaries/sentiment_significance.csv,1391.684802017163,stuart_maxwell
sst2,2,0.20873974266826234,0.007287941619063225,0.08760000000000001,positive|negative|neutral,T,llama-3b_newlayout,0,10000,10000,5.861268083878284e-190,decision,run-002,llama-3b_newlayout/decision/summaries/sentiment_significance.csv,871.4456033842478,stuart_maxwell
imdb,2,0.07144780017739848,0.0001269704099881217,0.011399999999999981,positive|negative|neutral,E,llama-3b_newlayout,0,10000,10000,6.763737602014477e-23,energy,run-001,llama-3b_newlayout/energy/summaries/sentiment_significance.csv,102.09576300378924,stuart_maxwell
imdb,2,0.07865680756197334,0.00012457126220557875,0.0128,positive|negative|neutral,E,llama-3b_newlayout,0,10000,10000,1.3510252550844588e-27,energy,run-002,llama-3b_newlayout/energy/summaries/sentiment_significance.csv,123.73786751682611,stuart_maxwell
imdb,2,0.07631985422715197,0.00014298732486495776,0.012399999999999961,positive|negative|neutral,I,llama-3b_newlayout,0,10000,10000,5.0531455234330976e-26,energy,run-001,llama-3b_newlayout/energy/summaries/sentiment_significance.csv,116.49440298507453,stuart_maxwell
imdb,2,0.07528097350227562,0.00023866825079450185,0.011799999999999998,positive|negative|neutral,I,llama-3b_newlayout,0,10000,10000,2.440926329137122e-25,energy,run-002,llama-3b_newlayout/energy/summaries/sentiment_significance.csv,113.3444994290065,stuart_maxwell
mental,1,0.18617038980213874,0.0017371568296625783,0.03601498223260878,normal|depression,E,llama-3b_newlayout,510,31747,31237,0.0,energy,run-001,llama-3b_newlayout/energy/summaries/sentiment_significance.csv,1169.0,mcnemar_exact
mental,1,0.20242853878090492,0.0023269398344547988,0.04197752233357885,normal|depression,E,llama-3b_newlayout,516,31747,31231,0.0,energy,run-002,llama-3b_newlayout/energy/summaries/sentiment_significance.csv,1343.0,mcnemar_exact
mental,1,0.1938506488636508,0.002425081488402517,0.03801905733133626,normal|depression,I,llama-3b_newlayout,368,31747,31379,0.0,energy,run-001,llama-3b_newlayout/energy/summaries/sentiment_significance.csv,1207.0,mcnemar_exact
mental,1,0.1737264244043725,0.0015824961794965228,0.031108561229043152,normal|depression,I,llama-3b_newlayout,373,31747,31374,2.2304184463277204e-270,energy,run-002,llama-3b_newlayout/energy/summaries/sentiment_significance.csv,1006.0,mcnemar_exact
news,2,0.24827138588265296,0.014232904190250528,0.1212806973430559,neutral|bearish|bullish,E,llama-3b_newlayout,0,11931,11931,0.0,energy,run-001,llama-3b_newlayout/energy/summaries/sentiment_significance.csv,1470.8222071695993,stuart_maxwell
news,2,0.24979803403577183,0.01449422036034536,0.12186740424105269,neutral|bearish|bullish,E,llama-3b_newlayout,0,11931,11931,0.0,energy,run-002,llama-3b_newlayout/energy/summaries/sentiment_significance.csv,1488.966317417756,stuart_maxwell
news,2,0.2681936059632954,0.018358019253771507,0.148185399379767,neutral|bearish|bullish,I,llama-3b_newlayout,0,11931,11931,0.0,energy,run-001,llama-3b_newlayout/energy/summaries/sentiment_significance.csv,1716.3414088917043,stuart_maxwell
news,2,0.266845137877554,0.017989051576158085,0.14634146341463417,neutral|bearish|bullish,I,llama-3b_newlayout,0,11931,11931,0.0,energy,run-002,llama-3b_newlayout/energy/summaries/sentiment_significance.csv,1699.1253894033518,stuart_maxwell
fiqasa,2,0.3980105986493149,0.12392500173803607,0.2855924978687127,positive|negative|neutral,E,llama-3b_newlayout,0,1173,1173,1.996916732157729e-81,energy,run-001,llama-3b_newlayout/energy/summaries/sentiment_significance.csv,371.63557635083833,stuart_maxwell
fiqasa,2,0.40195100194653705,0.12370696729626067,0.2966751918158568,positive|negative|neutral,E,llama-3b_newlayout,0,1173,1173,4.949455520108961e-83,energy,run-002,llama-3b_newlayout/energy/summaries/sentiment_significance.csv,379.0305702878255,stuart_maxwell
fiqasa,2,0.1537458967880776,0.00528046697274908,0.07502131287297527,positive|negative|neutral,I,llama-3b_newlayout,0,1173,1173,9.083557353938467e-13,energy,run-001,llama-3b_newlayout/energy/summaries/sentiment_significance.csv,55.454280627933315,stuart_maxwell
fiqasa,2,0.11605590858091686,0.002437178389157371,0.04944586530264279,positive|negative|neutral,I,llama-3b_newlayout,0,1173,1173,1.3757365313312716e-07,energy,run-002,llama-3b_newlayout/energy/summaries/sentiment_significance.csv,31.59821280820784,stuart_maxwell
imdb_sklearn,2,0.06478231214984363,0.00012449265524690903,0.010199999999999992,positive|negative|neutral,E,llama-3b_newlayout,0,10000,10000,5.939572090178079e-19,energy,run-001,llama-3b_newlayout/energy/summaries/sentiment_significance.csv,83.93495934959557,stuart_maxwell
imdb_sklearn,2,0.07242597868209726,0.00015152652316449632,0.011899999999999971,positive|negative|neutral,E,llama-3b_newlayout,0,10000,10000,1.6557155274518677e-23,energy,run-002,llama-3b_newlayout/energy/summaries/sentiment_significance.csv,104.9104477611921,stuart_maxwell
imdb_sklearn,2,0.05040026702199049,8.814606396558735e-05,0.007299999999999978,positive|negative|neutral,I,llama-3b_newlayout,0,10000,10000,9.291982736789882e-12,energy,run-001,llama-3b_newlayout/energy/summaries/sentiment_significance.csv,50.80373831775884,stuart_maxwell
imdb_sklearn,2,0.03753259453027361,6.778452304444767e-05,0.00500000000000001,positive|negative|neutral,I,llama-3b_newlayout,0,10000,10000,7.622764728981915e-07,energy,run-002,llama-3b_newlayout/energy/summaries/sentiment_significance.csv,28.173913043478493,stuart_maxwell
sst2,2,0.18253917391921745,0.007476611001533755,0.0615,positive|negative|neutral,E,llama-3b_newlayout,0,10000,10000,1.9529446940474452e-145,energy,run-001,llama-3b_newlayout/energy/summaries/sentiment_significance.csv,666.4110003022063,stuart_maxwell
sst2,2,0.18734092067068314,0.007557871838056222,0.06579999999999997,positive|negative|neutral,E,llama-3b_newlayout,0,10000,10000,3.778449161449957e-153,energy,run-002,llama-3b_newlayout/energy/summaries/sentiment_significance.csv,701.9324111547838,stuart_maxwell
sst2,2,0.14750762436461362,0.0023290612717771723,0.0435,positive|negative|neutral,I,llama-3b_newlayout,0,10000,10000,3.1918202888427356e-95,energy,run-001,llama-3b_newlayout/energy/summaries/sentiment_significance.csv,435.16998491383913,stuart_maxwell
sst2,2,0.1406917777809143,0.0022322561826252432,0.039200000000000054,positive|negative|neutral,I,llama-3b_newlayout,0,10000,10000,1.083888075113404e-86,energy,run-002,llama-3b_newlayout/energy/summaries/sentiment_significance.csv,395.8835267030834,stuart_maxwell
imdb,2,0.05594137077784458,0.0001964729249767643,0.008299999999999974,positive|negative|neutral,J,llama-3b_newlayout,0,10000,10000,2.5646490762215576e-14,execution,run-001,llama-3b_newlayout/execution/summaries/sentiment_significance.csv,62.58873929008566,stuart_maxwell
imdb,2,0.044787413508251675,0.0001326249173825636,0.005999999999999993,positive|negative|neutral,J,llama-3b_newlayout,0,10000,10000,1.942822377038371e-09,execution,run-002,llama-3b_newlayout/execution/summaries/sentiment_significance.csv,40.118248175182494,stuart_maxwell
imdb,2,0.06972660475047884,0.0007485857396535515,0.011199999999999991,positive|negative|neutral,P,llama-3b_newlayout,0,10000,10000,7.681984756240821e-22,execution,run-001,llama-3b_newlayout/execution/summaries/sentiment_significance.csv,97.23598820058996,stuart_maxwell
imdb,2,0.07751327275645216,0.0011063357294073073,0.013099999999999992,positive|negative|neutral,P,llama-3b_newlayout,0,10000,10000,8.058464072846151e-27,execution,run-002,llama-3b_newlayout/execution/summaries/sentiment_significance.csv,120.166149068323,stuart_maxwell
mental,1,0.1610421427543616,0.0028610508524238125,0.04688856729377712,normal|depression,J,llama-3b_newlayout,652,31747,31095,2.2894974118683677e-187,execution,run-001,llama-3b_newlayout/execution/summaries/sentiment_significance.csv,2636.0,mcnemar_exact
mental,1,0.15447800535233547,0.0026247384047391725,0.044767497833830744,normal|depression,J,llama-3b_newlayout,586,31747,31161,3.748853945219033e-172,execution,run-002,llama-3b_newlayout/execution/summaries/sentiment_significance.csv,2617.0,mcnemar_exact
mental,1,0.5981781073440371,0.11046889005749938,0.3586641194367791,normal|depression,P,llama-3b_newlayout,3481,31747,28266,0.0,execution,run-001,llama-3b_newlayout/execution/summaries/sentiment_significance.csv,10162.0,mcnemar_exact
mental,1,0.5961101789604467,0.10967743201254736,0.35625393274138295,normal|depression,P,llama-3b_newlayout,3141,31747,28606,0.0,execution,run-002,llama-3b_newlayout/execution/summaries/sentiment_significance.csv,10217.0,mcnemar_exact
news,2,0.11661316306637896,0.0013269949813683214,0.03520241387980888,neutral|bearish|bullish,J,llama-3b_newlayout,0,11931,11931,3.4497075338420406e-71,execution,run-001,llama-3b_newlayout/execution/summaries/sentiment_significance.csv,324.4905042958536,stuart_maxwell
news,2,0.11677506729962189,0.0013699467311392363,0.03704634984494176,neutral|bearish|bullish,J,llama-3b_newlayout,0,11931,11931,2.197802980718224e-71,execution,run-002,llama-3b_newlayout/execution/summaries/sentiment_significance.csv,325.39216677263863,stuart_maxwell
news,2,0.05972154371897105,0.0005253520945491005,0.02070237197217334,neutral|bearish|bullish,P,llama-3b_newlayout,0,11931,11931,3.3044270141263745e-19,execution,run-001,llama-3b_newlayout/execution/summaries/sentiment_significance.csv,85.10770735603087,stuart_maxwell
news,2,0.06782796017476436,0.0007424834140100725,0.025396027156147832,neutral|bearish|bullish,P,llama-3b_newlayout,0,11931,11931,1.4504874534702362e-24,execution,run-002,llama-3b_newlayout/execution/summaries/sentiment_significance.csv,109.78028511422329,stuart_maxwell
fiqasa,2,0.3584278683115051,0.07732849974652807,0.23103154305200338,positive|negative|neutral,J,llama-3b_newlayout,0,1173,1173,3.5775438585797236e-66,execution,run-001,llama-3b_newlayout/execution/summaries/sentiment_significance.csv,301.3918792913453,stuart_maxwell
fiqasa,2,0.35733148439804974,0.07631488199569395,0.2293265132139813,positive|negative|neutral,J,llama-3b_newlayout,0,1173,1173,8.981660445879826e-66,execution,run-002,llama-3b_newlayout/execution/summaries/sentiment_significance.csv,299.55086273499865,stuart_maxwell
fiqasa,2,0.21792820274278246,0.010743610733592594,0.08951406649616367,positive|negative|neutral,P,llama-3b_newlayout,0,1173,1173,6.396099848154354e-25,execution,run-001,llama-3b_newlayout/execution/summaries/sentiment_significance.csv,111.41787783794055,stuart_maxwell
fiqasa,2,0.22016248428028717,0.011022747042781621,0.09462915601023018,positive|negative|neutral,P,llama-3b_newlayout,0,1173,1173,2.0289835828732195e-25,execution,run-002,llama-3b_newlayout/execution/summaries/sentiment_significance.csv,113.71418471056121,stuart_maxwell
imdb_sklearn,2,0.03386498982979281,0.0006630582569894859,0.004800000000000014,positive|negative|neutral,J,llama-3b_newlayout,0,10000,10000,1.045557361220534e-05,execution,run-001,llama-3b_newlayout/execution/summaries/sentiment_significance.csv,22.93675072343941,stuart_maxwell
imdb_sklearn,2,0.030816333221373865,0.0008038205671864536,0.0029000000000000184,positive|negative|neutral,J,llama-3b_newlayout,0,10000,10000,7.511697955739692e-05,execution,run-002,llama-3b_newlayout/execution/summaries/sentiment_significance.csv,18.99292786421501,stuart_maxwell
imdb_sklearn,2,0.07605095746413043,0.002730649657410458,0.015899999999999977,positive|negative|neutral,P,llama-3b_newlayout,0,10000,10000,7.6120392498684e-26,execution,run-001,llama-3b_newlayout/execution/summaries/sentiment_significance.csv,115.67496262421952,stuart_maxwell
imdb_sklearn,2,0.08060522000799522,0.0033916134156977778,0.01700000000000001,positive|negative|neutral,P,llama-3b_newlayout,0,10000,10000,6.067537089743221e-29,execution,run-002,llama-3b_newlayout/execution/summaries/sentiment_significance.csv,129.94402985074626,stuart_maxwell
sst2,2,0.17351445445977698,0.008230332968464503,0.059600000000000035,positive|negative|neutral,J,llama-3b_newlayout,0,10000,10000,1.7611871830552177e-131,execution,run-001,llama-3b_newlayout/execution/summaries/sentiment_significance.csv,602.1453181294803,stuart_maxwell
sst2,2,0.1626085677104424,0.007245221296633216,0.052000000000000025,positive|negative|neutral,J,llama-3b_newlayout,0,10000,10000,1.464952422598814e-115,execution,run-002,llama-3b_newlayout/execution/summaries/sentiment_significance.csv,528.8309258568307,stuart_maxwell
sst2,2,0.2008114742466089,0.01099854969619167,0.0684,positive|negative|neutral,P,llama-3b_newlayout,0,10000,10000,7.407510929935982e-176,execution,run-001,llama-3b_newlayout/execution/summaries/sentiment_significance.csv,806.5049637819293,stuart_maxwell
sst2,2,0.2090883826917653,0.012468184140673511,0.07379999999999999,positive|negative|neutral,P,llama-3b_newlayout,0,10000,10000,1.3656764891105959e-190,execution,run-002,llama-3b_newlayout/execution/summaries/sentiment_significance.csv,874.3590355331621,stuart_maxwell
imdb,2,0.11460881123814547,0.006669715497120474,0.022699999999999967,positive|negative|neutral,N,llama-3b_newlayout,0,10000,10000,9.008235905031807e-58,information,run-001,llama-3b_newlayout/information/summaries/sentiment_significance.csv,262.7035922684172,stuart_maxwell
imdb,2,0.1193123075143795,0.007352221087798158,0.024400000000000005,positive|negative|neutral,N,llama-3b_newlayout,0,10000,10000,1.5008153417098742e-62,information,run-002,llama-3b_newlayout/information/summaries/sentiment_significance.csv,284.7085344881172,stuart_maxwell
imdb,2,0.11936601316618592,0.0011499378838283223,0.02980000000000002,positive|negative|neutral,S,llama-3b_newlayout,0,10000,10000,1.320254833609457e-62,information,run-001,llama-3b_newlayout/information/summaries/sentiment_significance.csv,284.9649019838014,stuart_maxwell
imdb,2,0.11506878905445529,0.0011454117874391957,0.02809999999999999,positive|negative|neutral,S,llama-3b_newlayout,0,10000,10000,3.1320046069836982e-58,information,run-002,llama-3b_newlayout/information/summaries/sentiment_significance.csv,264.8165242891746,stuart_maxwell
mental,1,0.2096790006674712,0.003482242480179285,0.044960254372019046,normal|depression,N,llama-3b_newlayout,297,31747,31450,0.0,information,run-001,llama-3b_newlayout/information/summaries/sentiment_significance.csv,1446.0,mcnemar_exact
mental,1,0.20102833233659442,0.0029121024240578285,0.04140562887581491,normal|depression,N,llama-3b_newlayout,302,31747,31445,0.0,information,run-002,llama-3b_newlayout/information/summaries/sentiment_significance.csv,1334.0,mcnemar_exact
mental,1,0.10029851464221134,0.00040329926576387724,0.01690498887829682,normal|depression,S,llama-3b_newlayout,277,31747,31470,2.69718439421178e-75,information,run-001,llama-3b_newlayout/information/summaries/sentiment_significance.csv,894.0,mcnemar_exact
mental,1,0.09728510937068333,0.00037995260589281793,0.016397610270751192,normal|depression,S,llama-3b_newlayout,279,31747,31468,1.2598730015935167e-70,information,run-002,llama-3b_newlayout/information/summaries/sentiment_significance.csv,894.0,mcnemar_exact
news,2,0.26758389072785327,0.017622999100252494,0.15095130332746626,neutral|bearish|bullish,N,llama-3b_newlayout,0,11931,11931,0.0,information,run-001,llama-3b_newlayout/information/summaries/sentiment_significance.csv,1708.5463687257036,stuart_maxwell
news,2,0.26966498918853676,0.017929907487843712,0.1523761629368871,neutral|bearish|bullish,N,llama-3b_newlayout,0,11931,11931,0.0,information,run-002,llama-3b_newlayout/information/summaries/sentiment_significance.csv,1735.2257029749082,stuart_maxwell
news,2,0.23393400791214877,0.008576716432466353,0.09596848545805048,neutral|bearish|bullish,S,llama-3b_newlayout,0,11931,11931,2.742195838067932e-284,information,run-001,llama-3b_newlayout/information/summaries/sentiment_significance.csv,1305.8508148202088,stuart_maxwell
news,2,0.23075260881453716,0.008193197408779454,0.09186153717207274,neutral|bearish|bullish,S,llama-3b_newlayout,0,11931,11931,1.2539704239103412e-276,information,run-002,llama-3b_newlayout/information/summaries/sentiment_significance.csv,1270.5743416196449,stuart_maxwell
fiqasa,2,0.14332806611219165,0.0031393977484014766,0.050298380221653866,positive|negative|neutral,N,llama-3b_newlayout,0,1173,1173,3.4266181504819126e-11,information,run-001,llama-3b_newlayout/information/summaries/sentiment_significance.csv,48.193724420190996,stuart_maxwell
fiqasa,2,0.16623459330000115,0.003634673001798738,0.05967604433077578,positive|negative|neutral,N,llama-3b_newlayout,0,1173,1173,8.36590705936107e-15,information,run-002,llama-3b_newlayout/information/summaries/sentiment_significance.csv,64.82922326256099,stuart_maxwell
fiqasa,2,0.3549326298901221,0.08143386289982996,0.2446717817561807,positive|negative|neutral,S,llama-3b_newlayout,0,1173,1173,6.664590885927896e-65,information,run-001,llama-3b_newlayout/information/summaries/sentiment_significance.csv,295.5424449506454,stuart_maxwell
fiqasa,2,0.3535164743157939,0.07788562650408382,0.2404092071611253,positive|negative|neutral,S,llama-3b_newlayout,0,1173,1173,2.162065580380076e-64,information,run-002,llama-3b_newlayout/information/summaries/sentiment_significance.csv,293.1887637993224,stuart_maxwell
imdb_sklearn,2,0.0690533659348975,0.00018469796477463998,0.013699999999999967,positive|negative|neutral,N,llama-3b_newlayout,0,10000,10000,1.9554365807860666e-21,information,run-001,llama-3b_newlayout/information/summaries/sentiment_significance.csv,95.36734693877725,stuart_maxwell
imdb_sklearn,2,0.07914285964640068,0.00023619946667313303,0.01610000000000001,positive|negative|neutral,N,llama-3b_newlayout,0,10000,10000,6.274289639408248e-28,information,run-002,llama-3b_newlayout/information/summaries/sentiment_significance.csv,125.27184466019753,stuart_maxwell
imdb_sklearn,2,0.13007647559325408,0.0008924461497525557,0.035,positive|negative|neutral,S,llama-3b_newlayout,0,10000,10000,3.294985785336889e-74,information,run-001,llama-3b_newlayout/information/summaries/sentiment_significance.csv,338.39779005524855,stuart_maxwell
imdb_sklearn,2,0.12458554043799604,0.0007549279690241602,0.032200000000000006,positive|negative|neutral,S,llama-3b_newlayout,0,10000,10000,3.897040665263276e-68,information,run-002,llama-3b_newlayout/information/summaries/sentiment_significance.csv,310.4311377245509,stuart_maxwell
sst2,2,0.20706964721490975,0.01327212180264058,0.07609999999999997,positive|negative|neutral,N,llama-3b_newlayout,0,10000,10000,6.08011987954865e-187,information,run-001,llama-3b_newlayout/information/summaries/sentiment_significance.csv,857.5567759541436,stuart_maxwell
sst2,2,0.20581275462034324,0.012240181034222457,0.07519999999999999,positive|negative|neutral,N,llama-3b_newlayout,0,10000,10000,1.0906321331030165e-184,information,run-002,llama-3b_newlayout/information/summaries/sentiment_significance.csv,847.1777992882724,stuart_maxwell
sst2,2,0.24415615175227612,0.023160529536812545,0.11960000000000001,positive|negative|neutral,S,llama-3b_newlayout,0,10000,10000,1.2805308271224468e-259,information,run-001,llama-3b_newlayout/information/summaries/sentiment_significance.csv,1192.2445287696096,stuart_maxwell
sst2,2,0.2405398073700082,0.023099516187081334,0.11600000000000005,positive|negative|neutral,S,llama-3b_newlayout,0,10000,10000,5.2459383968373e-252,information,run-002,llama-3b_newlayout/information/summaries/sentiment_significance.csv,1157.187978592013,stuart_maxwell
imdb,2,0.16509006933804124,0.0027315800925023725,0.054500000000000014,positive|negative|neutral,NF,llama-3b_newlayout,0,10000,10000,4.3073209688530346e-119,ST-NF,run-001,llama-3b_newlayout/ST-NF/summaries/sentiment_significance.csv,545.0946198807853,stuart_maxwell
imdb,2,0.16784513405164725,0.0034704318060619225,0.05619999999999999,positive|negative|neutral,NF,llama-3b_newlayout,0,10000,10000,4.4730754407449404e-123,ST-NF,run-002,llama-3b_newlayout/ST-NF/summaries/sentiment_significance.csv,563.4397804963087,stuart_maxwell
imdb,2,0.16218223844526228,0.004044705313014013,0.05279999999999998,positive|negative|neutral,ST,llama-3b_newlayout,0,10000,10000,5.850347277495003e-115,ST-NF,run-001,llama-3b_newlayout/ST-NF/summaries/sentiment_significance.csv,526.0615693423182,stuart_maxwell
imdb,2,0.15991565862871981,0.00419689107547523,0.05139999999999999,positive|negative|neutral,ST,llama-3b_newlayout,0,10000,10000,8.66551771102956e-112,ST-NF,run-002,llama-3b_newlayout/ST-NF/summaries/sentiment_significance.csv,511.4603574931449,stuart_maxwell
mental,1,0.07017045391414797,0.0005042495402954152,0.018120648879117934,normal|depression,NF,llama-3b_newlayout,1726,31747,30021,2.6918946107268347e-34,ST-NF,run-001,llama-3b_newlayout/ST-NF/summaries/sentiment_significance.csv,2002.0,mcnemar_exact
mental,1,0.04577933921774457,0.00021024903542414975,0.011789319872476098,normal|depression,NF,llama-3b_newlayout,1635,31747,30112,1.985113346717787e-15,ST-NF,run-002,llama-3b_newlayout/ST-NF/summaries/sentiment_significance.csv,1997.0,mcnemar_exact
mental,1,0.5356225900803824,0.07595909377940015,0.2883203341709363,normal|depression,ST,llama-3b_newlayout,1104,31747,30643,0.0,ST-NF,run-001,llama-3b_newlayout/ST-NF/summaries/sentiment_significance.csv,8879.0,mcnemar_exact
mental,1,0.5505481743971635,0.08346422680661239,0.30420501479722917,normal|depression,ST,llama-3b_newlayout,998,31747,30749,0.0,ST-NF,run-002,llama-3b_newlayout/ST-NF/summaries/sentiment_significance.csv,9388.0,mcnemar_exact
news,2,0.380935799405164,0.0655279834564312,0.29067136032185065,neutral|bearish|bullish,NF,llama-3b_newlayout,0,11931,11931,0.0,ST-NF,run-001,llama-3b_newlayout/ST-NF/summaries/sentiment_significance.csv,3462.664530951786,stuart_maxwell
news,2,0.38168029788857877,0.06586857098580945,0.29184477411784426,neutral|bearish|bullish,NF,llama-3b_newlayout,0,11931,11931,0.0,ST-NF,run-002,llama-3b_newlayout/ST-NF/summaries/sentiment_significance.csv,3476.2125758396496,stuart_maxwell
news,2,0.3044204700946741,0.03004767735405607,0.18539937976699356,neutral|bearish|bullish,ST,llama-3b_newlayout,0,11931,11931,0.0,ST-NF,run-001,llama-3b_newlayout/ST-NF/summaries/sentiment_significance.csv,2211.335031183349,stuart_maxwell
news,2,0.3021392147930575,0.02917685853138533,0.18254966054815186,neutral|bearish|bullish,ST,llama-3b_newlayout,0,11931,11931,0.0,ST-NF,run-002,llama-3b_newlayout/ST-NF/summaries/sentiment_significance.csv,2178.316764272392,stuart_maxwell
fiqasa,2,0.3968402629906007,0.10645421763757582,0.3086104006820119,positive|negative|neutral,NF,llama-3b_newlayout,0,1173,1173,5.946355928252832e-81,ST-NF,run-001,llama-3b_newlayout/ST-NF/summaries/sentiment_significance.csv,369.45322789923364,stuart_maxwell
fiqasa,2,0.4052994419708858,0.11682932231289075,0.3231031543052003,positive|negative|neutral,NF,llama-3b_newlayout,0,1173,1173,2.0775905525745766e-84,ST-NF,run-002,llama-3b_newlayout/ST-NF/summaries/sentiment_significance.csv,385.3718779548442,stuart_maxwell
fiqasa,2,0.18977572506972057,0.004889501872809399,0.08184143222506392,positive|negative|neutral,ST,llama-3b_newlayout,0,1173,1173,4.498419322019669e-19,ST-NF,run-001,llama-3b_newlayout/ST-NF/summaries/sentiment_significance.csv,84.49078138718174,stuart_maxwell
fiqasa,2,0.1412698019720547,0.0022275192548727677,0.05541346973572038,positive|negative|neutral,ST,llama-3b_newlayout,0,1173,1173,6.812035141119897e-11,ST-NF,run-002,llama-3b_newlayout/ST-NF/summaries/sentiment_significance.csv,46.81949020287844,stuart_maxwell
imdb_sklearn,2,0.17824494577836095,0.004984043154712715,0.0642,positive|negative|neutral,NF,llama-3b_newlayout,0,10000,10000,1.0451243545121177e-138,ST-NF,run-001,llama-3b_newlayout/ST-NF/summaries/sentiment_significance.csv,635.4252139106165,stuart_maxwell
imdb_sklearn,2,0.17985257383062708,0.005449884737526863,0.06529999999999998,positive|negative|neutral,NF,llama-3b_newlayout,0,10000,10000,3.3036072487483526e-141,ST-NF,run-002,llama-3b_newlayout/ST-NF/summaries/sentiment_significance.csv,646.9389662700233,stuart_maxwell
imdb_sklearn,2,0.16018631556087648,0.005226099330320047,0.05149999999999999,positive|negative|neutral,ST,llama-3b_newlayout,0,10000,10000,3.6436046702150605e-112,ST-NF,run-001,llama-3b_newlayout/ST-NF/summaries/sentiment_significance.csv,513.193113859374,stuart_maxwell
imdb_sklearn,2,0.15841658804875325,0.005323238683987009,0.050200000000000015,positive|negative|neutral,ST,llama-3b_newlayout,0,10000,10000,1.0239026423498045e-109,ST-NF,run-002,llama-3b_newlayout/ST-NF/summaries/sentiment_significance.csv,501.91630738016784,stuart_maxwell
sst2,2,0.2684863255660029,0.014655475324082307,0.1411,positive|negative|neutral,NF,llama-3b_newlayout,0,10000,10000,0.0,ST-NF,run-001,llama-3b_newlayout/ST-NF/summaries/sentiment_significance.csv,1441.6981403186737,stuart_maxwell
sst2,2,0.27124818036094267,0.015261794992437558,0.14399999999999996,positive|negative|neutral,NF,llama-3b_newlayout,0,10000,10000,0.0,ST-NF,run-002,llama-3b_newlayout/ST-NF/summaries/sentiment_significance.csv,1471.5115069824496,stuart_maxwell
sst2,2,0.26549962046023323,0.017346977247356534,0.13990000000000005,positive|negative|neutral,ST,llama-3b_newlayout,0,10000,10000,7.338532596397326e-307,ST-NF,run-001,llama-3b_newlayout/ST-NF/summaries/sentiment_significance.csv,1409.800969290558,stuart_maxwell
sst2,2,0.2604271672110857,0.016245933192008045,0.13480000000000003,positive|negative|neutral,ST,llama-3b_newlayout,0,10000,10000,2.827825996537114e-295,ST-NF,run-002,llama-3b_newlayout/ST-NF/summaries/sentiment_significance.csv,1356.446188431816,stuart_maxwell
imdb,2,0.08944271909999157,0.00018506111966010326,0.015999999999999986,positive|negative|neutral,F,qwen-3b_newlayout,0,10000,10000,1.8048513878454602e-35,decision,run-001,qwen-3b_newlayout/decision/summaries/sentiment_significance.csv,159.99999999999994,stuart_maxwell
imdb,2,0.08944271909999157,0.00018506111966010326,0.015999999999999986,positive|negative|neutral,F,qwen-3b_newlayout,0,10000,10000,1.8048513878454602e-35,decision,run-002,qwen-3b_newlayout/decision/summaries/sentiment_significance.csv,159.99999999999994,stuart_maxwell
imdb,2,0.0793725393319377,0.00011516170900959487,0.012599999999999972,positive|negative|neutral,T,qwen-3b_newlayout,0,10000,10000,4.359610000063195e-28,decision,run-001,qwen-3b_newlayout/decision/summaries/sentiment_significance.csv,125.99999999999994,stuart_maxwell
imdb,2,0.0793725393319377,0.00011516170900959487,0.012599999999999972,positive|negative|neutral,T,qwen-3b_newlayout,0,10000,10000,4.359610000063195e-28,decision,run-002,qwen-3b_newlayout/decision/summaries/sentiment_significance.csv,125.99999999999994,stuart_maxwell
mental,1,0.23857653693877504,0.00234219620383826,0.05691876397769863,normal|depression,F,qwen-3b_newlayout,0,31747,31747,0.0,decision,run-001,qwen-3b_newlayout/decision/summaries/sentiment_significance.csv,1807.0,mcnemar_exact
mental,1,0.23857653693877504,0.00234219620383826,0.05691876397769863,normal|depression,F,qwen-3b_newlayout,0,31747,31747,0.0,decision,run-002,qwen-3b_newlayout/decision/summaries/sentiment_significance.csv,1807.0,mcnemar_exact
mental,1,0.1916463124824113,0.000982700662679862,0.03685387595678333,normal|depression,T,qwen-3b_newlayout,0,31747,31747,0.0,decision,run-001,qwen-3b_newlayout/decision/summaries/sentiment_significance.csv,1174.0,mcnemar_exact
mental,1,0.1916463124824113,0.000982700662679862,0.03685387595678333,normal|depression,T,qwen-3b_newlayout,0,31747,31747,0.0,decision,run-002,qwen-3b_newlayout/decision/summaries/sentiment_significance.csv,1174.0,mcnemar_exact
news,2,0.1912772699416969,0.005154216571171304,0.07333836224960184,neutral|bearish|bullish,F,qwen-3b_newlayout,0,11931,11931,2.642544552051358e-190,decision,run-001,qwen-3b_newlayout/decision/summaries/sentiment_significance.csv,873.0388507408745,stuart_maxwell
news,2,0.1912772699416969,0.005154216571171304,0.07333836224960184,neutral|bearish|bullish,F,qwen-3b_newlayout,0,11931,11931,2.642544552051358e-190,decision,run-002,qwen-3b_newlayout/decision/summaries/sentiment_significance.csv,873.0388507408745,stuart_maxwell
news,2,0.14762472391997047,0.0017728731666684545,0.0418238203000587,neutral|bearish|bullish,T,qwen-3b_newlayout,0,11931,11931,1.1961729327975913e-113,decision,run-001,qwen-3b_newlayout/decision/summaries/sentiment_significance.csv,520.0259765412222,stuart_maxwell
news,2,0.14762472391997047,0.0017728731666684545,0.0418238203000587,neutral|bearish|bullish,T,qwen-3b_newlayout,0,11931,11931,1.1961729327975913e-113,decision,run-002,qwen-3b_newlayout/decision/summaries/sentiment_significance.csv,520.0259765412222,stuart_maxwell
fiqasa,2,0.19128251698305684,0.007162812133710516,0.07075873827791988,positive|negative|neutral,F,qwen-3b_newlayout,0,1173,1173,2.293819284244738e-19,decision,run-001,qwen-3b_newlayout/decision/summaries/sentiment_significance.csv,85.83779705771406,stuart_maxwell
fiqasa,2,0.19128251698305684,0.007162812133710516,0.07075873827791988,positive|negative|neutral,F,qwen-3b_newlayout,0,1173,1173,2.293819284244738e-19,decision,run-002,qwen-3b_newlayout/decision/summaries/sentiment_significance.csv,85.83779705771406,stuart_maxwell
fiqasa,2,0.20369776927697789,0.008965345957913463,0.08098891730605284,positive|negative|neutral,T,qwen-3b_newlayout,0,1173,1173,7.285162083938075e-22,decision,run-001,qwen-3b_newlayout/decision/summaries/sentiment_significance.csv,97.34206471494608,stuart_maxwell
fiqasa,2,0.20369776927697789,0.008965345957913463,0.08098891730605284,positive|negative|neutral,T,qwen-3b_newlayout,0,1173,1173,7.285162083938075e-22,decision,run-002,qwen-3b_newlayout/decision/summaries/sentiment_significance.csv,97.34206471494608,stuart_maxwell
imdb_sklearn,2,0.06840583160933822,7.443620140060864e-05,0.010099999999999998,positive|negative|neutral,F,qwen-3b_newlayout,0,10000,10000,4.762196308729068e-21,decision,run-001,qwen-3b_newlayout/decision/summaries/sentiment_significance.csv,93.5871559633027,stuart_maxwell
imdb_sklearn,2,0.06840583160933822,7.443620140060864e-05,0.010099999999999998,positive|negative|neutral,F,qwen-3b_newlayout,0,10000,10000,4.762196308729068e-21,decision,run-002,qwen-3b_newlayout/decision/summaries/sentiment_significance.csv,93.5871559633027,stuart_maxwell
imdb_sklearn,2,0.07484540642140514,0.00031392643580441064,0.011399999999999948,positive|negative|neutral,T,qwen-3b_newlayout,0,10000,10000,4.693969975249699e-25,decision,run-001,qwen-3b_newlayout/decision/summaries/sentiment_significance.csv,112.03669724770629,stuart_maxwell
imdb_sklearn,2,0.07484540642140514,0.00031392643580441064,0.011399999999999948,positive|negative|neutral,T,qwen-3b_newlayout,0,10000,10000,4.693969975249699e-25,decision,run-002,qwen-3b_newlayout/decision/summaries/sentiment_significance.csv,112.03669724770629,stuart_maxwell
sst2,2,0.1686926436039242,0.0027341792050141764,0.05689999999999999,positive|negative|neutral,F,qwen-3b_newlayout,0,10000,10000,2.581760344799719e-124,decision,run-001,qwen-3b_newlayout/decision/summaries/sentiment_significance.csv,569.1441601216118,stuart_maxwell
sst2,2,0.1686926436039242,0.0027341792050141764,0.05689999999999999,positive|negative|neutral,F,qwen-3b_newlayout,0,10000,10000,2.581760344799719e-124,decision,run-002,qwen-3b_newlayout/decision/summaries/sentiment_significance.csv,569.1441601216118,stuart_maxwell
sst2,2,0.16391168933663056,0.0026199313391118673,0.05360000000000001,positive|negative|neutral,T,qwen-3b_newlayout,0,10000,10000,2.079311581343535e-117,decision,run-001,qwen-3b_newlayout/decision/summaries/sentiment_significance.csv,537.3408380237618,stuart_maxwell
sst2,2,0.16391168933663056,0.0026199313391118673,0.05360000000000001,positive|negative|neutral,T,qwen-3b_newlayout,0,10000,10000,2.079311581343535e-117,decision,run-002,qwen-3b_newlayout/decision/summaries/sentiment_significance.csv,537.3408380237618,stuart_maxwell
imdb,2,0.07810249675906657,0.0001076328554367673,0.012199999999999989,positive|negative|neutral,E,qwen-3b_newlayout,0,10000,10000,3.2213402859924316e-27,energy,run-001,qwen-3b_newlayout/energy/summaries/sentiment_significance.csv,122.00000000000006,stuart_maxwell
imdb,2,0.07810249675906657,0.0001076328554367673,0.012199999999999989,positive|negative|neutral,E,qwen-3b_newlayout,0,10000,10000,3.2213402859924316e-27,energy,run-002,qwen-3b_newlayout/energy/summaries/sentiment_significance.csv,122.00000000000006,stuart_maxwell
imdb,2,0.08306623862918074,0.00013816758577220572,0.013799999999999979,positive|negative|neutral,I,qwen-3b_newlayout,0,10000,10000,1.0806392777073147e-30,energy,run-001,qwen-3b_newlayout/energy/summaries/sentiment_significance.csv,137.99999999999994,stuart_maxwell
imdb,2,0.08306623862918074,0.00013816758577220572,0.013799999999999979,positive|negative|neutral,I,qwen-3b_newlayout,0,10000,10000,1.0806392777073147e-30,energy,run-002,qwen-3b_newlayout/energy/summaries/sentiment_significance.csv,137.99999999999994,stuart_maxwell
mental,1,0.19997820563787655,0.0018467036436898877,0.05055595804327964,normal|depression,E,qwen-3b_newlayout,0,31747,31747,1.176734e-317,energy,run-001,qwen-3b_newlayout/energy/summaries/sentiment_significance.csv,2029.0,mcnemar_exact
mental,1,0.19997820563787655,0.0018467036436898877,0.05055595804327964,normal|depression,E,qwen-3b_newlayout,0,31747,31747,1.176734e-317,energy,run-002,qwen-3b_newlayout/energy/summaries/sentiment_significance.csv,2029.0,mcnemar_exact
mental,1,0.2341855356033719,0.0028769046519054736,0.06306107663716257,normal|depression,I,qwen-3b_newlayout,0,31747,31747,0.0,energy,run-001,qwen-3b_newlayout/energy/summaries/sentiment_significance.csv,2302.0,mcnemar_exact
mental,1,0.2341855356033719,0.0028769046519054736,0.06306107663716257,normal|depression,I,qwen-3b_newlayout,0,31747,31747,0.0,energy,run-002,qwen-3b_newlayout/energy/summaries/sentiment_significance.csv,2302.0,mcnemar_exact
news,2,0.056152417069670627,0.00011610179848583774,0.010057832537088265,neutral|bearish|bullish,E,qwen-3b_newlayout,0,11931,11931,4.5923080910016624e-17,energy,run-001,qwen-3b_newlayout/energy/summaries/sentiment_significance.csv,75.23912766228796,stuart_maxwell
news,2,0.056152417069670627,0.00011610179848583774,0.010057832537088265,neutral|bearish|bullish,E,qwen-3b_newlayout,0,11931,11931,4.5923080910016624e-17,energy,run-002,qwen-3b_newlayout/energy/summaries/sentiment_significance.csv,75.23912766228796,stuart_maxwell
news,2,0.22488583885049257,0.008039773724585274,0.10099740172659463,neutral|bearish|bullish,I,qwen-3b_newlayout,0,11931,11931,8.897536735397802e-263,energy,run-001,qwen-3b_newlayout/energy/summaries/sentiment_significance.csv,1206.7882099806156,stuart_maxwell
news,2,0.22488583885049257,0.008039773724585274,0.10099740172659463,neutral|bearish|bullish,I,qwen-3b_newlayout,0,11931,11931,8.897536735397802e-263,energy,run-002,qwen-3b_newlayout/energy/summaries/sentiment_significance.csv,1206.7882099806156,stuart_maxwell
fiqasa,2,0.18809848244901925,0.0055691886323185145,0.06990622335890881,positive|negative|neutral,E,qwen-3b_newlayout,0,1173,1173,9.460809053455215e-19,energy,run-001,qwen-3b_newlayout/energy/summaries/sentiment_significance.csv,83.00391772771792,stuart_maxwell
fiqasa,2,0.18809848244901925,0.0055691886323185145,0.06990622335890881,positive|negative|neutral,E,qwen-3b_newlayout,0,1173,1173,9.460809053455215e-19,energy,run-002,qwen-3b_newlayout/energy/summaries/sentiment_significance.csv,83.00391772771792,stuart_maxwell
fiqasa,2,0.160016909252192,0.003415396425916345,0.05029838022165389,positive|negative|neutral,I,qwen-3b_newlayout,0,1173,1173,9.03443971710817e-14,energy,run-001,qwen-3b_newlayout/energy/summaries/sentiment_significance.csv,60.0702947845805,stuart_maxwell
fiqasa,2,0.160016909252192,0.003415396425916345,0.05029838022165389,positive|negative|neutral,I,qwen-3b_newlayout,0,1173,1173,9.03443971710817e-14,energy,run-002,qwen-3b_newlayout/energy/summaries/sentiment_significance.csv,60.0702947845805,stuart_maxwell
imdb_sklearn,2,0.11008671113929076,0.0004620330414819244,0.0252,positive|negative|neutral,E,qwen-3b_newlayout,0,10000,10000,2.3307036880690666e-53,energy,run-001,qwen-3b_newlayout/energy/summaries/sentiment_significance.csv,242.38167938931292,stuart_maxwell
imdb_sklearn,2,0.11008671113929076,0.0004620330414819244,0.0252,positive|negative|neutral,E,qwen-3b_newlayout,0,10000,10000,2.3307036880690666e-53,energy,run-002,qwen-3b_newlayout/energy/summaries/sentiment_significance.csv,242.38167938931292,stuart_maxwell
imdb_sklearn,2,0.003307189138830738,3.584198479609753e-07,0.0006999999999999507,positive|negative|neutral,I,qwen-3b_newlayout,0,10000,10000,0.8963942066351505,energy,run-001,qwen-3b_newlayout/energy/summaries/sentiment_significance.csv,0.21875,stuart_maxwell
imdb_sklearn,2,0.003307189138830738,3.584198479609753e-07,0.0006999999999999507,positive|negative|neutral,I,qwen-3b_newlayout,0,10000,10000,0.8963942066351505,energy,run-002,qwen-3b_newlayout/energy/summaries/sentiment_significance.csv,0.21875,stuart_maxwell
sst2,2,0.15000000000000105,0.0016601436334464856,0.04499999999999998,positive|negative|neutral,E,qwen-3b_newlayout,0,10000,10000,1.9219477278177058e-98,energy,run-001,qwen-3b_newlayout/energy/summaries/sentiment_significance.csv,450.00000000000637,stuart_maxwell
sst2,2,0.15000000000000105,0.0016601436334464856,0.04499999999999998,positive|negative|neutral,E,qwen-3b_newlayout,0,10000,10000,1.9219477278177058e-98,energy,run-002,qwen-3b_newlayout/energy/summaries/sentiment_significance.csv,450.00000000000637,stuart_maxwell
sst2,2,0.15315750732864553,0.0019397749218304674,0.046900000000000025,positive|negative|neutral,I,qwen-3b_newlayout,0,10000,10000,1.338378724241388e-102,energy,run-001,qwen-3b_newlayout/energy/summaries/sentiment_significance.csv,469.1444410224822,stuart_maxwell
sst2,2,0.15315750732864553,0.0019397749218304674,0.046900000000000025,positive|negative|neutral,I,qwen-3b_newlayout,0,10000,10000,1.338378724241388e-102,energy,run-002,qwen-3b_newlayout/energy/summaries/sentiment_significance.csv,469.1444410224822,stuart_maxwell
imdb,2,0.011785113019775794,7.240240994328055e-07,0.0010000000000000009,positive|negative|neutral,J,qwen-3b_newlayout,0,10000,10000,0.24935220877729608,execution,run-001,qwen-3b_newlayout/execution/summaries/sentiment_significance.csv,2.7777777777777786,stuart_maxwell
imdb,2,0.011785113019775794,7.240240994328055e-07,0.0010000000000000009,positive|negative|neutral,J,qwen-3b_newlayout,0,10000,10000,0.24935220877729608,execution,run-002,qwen-3b_newlayout/execution/summaries/sentiment_significance.csv,2.7777777777777786,stuart_maxwell
imdb,2,0.019050019050028576,1.6289555698713234e-06,0.001500000000000029,positive|negative|neutral,P,qwen-3b_newlayout,0,10000,10000,0.026541857653049544,execution,run-001,qwen-3b_newlayout/execution/summaries/sentiment_significance.csv,7.258064516129033,stuart_maxwell
imdb,2,0.019050019050028576,1.6289555698713234e-06,0.001500000000000029,positive|negative|neutral,P,qwen-3b_newlayout,0,10000,10000,0.026541857653049544,execution,run-002,qwen-3b_newlayout/execution/summaries/sentiment_significance.csv,7.258064516129033,stuart_maxwell
mental,1,0.2299393459424091,0.002751400301849956,0.061675118908873255,normal|depression,J,qwen-3b_newlayout,0,31747,31747,0.0,execution,run-001,qwen-3b_newlayout/execution/summaries/sentiment_significance.csv,2284.0,mcnemar_exact
mental,1,0.2299393459424091,0.002751400301849956,0.061675118908873255,normal|depression,J,qwen-3b_newlayout,0,31747,31747,0.0,execution,run-002,qwen-3b_newlayout/execution/summaries/sentiment_significance.csv,2284.0,mcnemar_exact
mental,1,0.2104916265998905,0.0021637737802552015,0.05471383122814749,normal|depression,P,qwen-3b_newlayout,0,31747,31747,0.0,execution,run-001,qwen-3b_newlayout/execution/summaries/sentiment_significance.csv,2145.0,mcnemar_exact
mental,1,0.2104916265998905,0.0021637737802552015,0.05471383122814749,normal|depression,P,qwen-3b_newlayout,0,31747,31747,0.0,execution,run-002,qwen-3b_newlayout/execution/summaries/sentiment_significance.csv,2145.0,mcnemar_exact
news,2,0.052062869267563004,9.070942747830234e-05,0.01106361579079708,neutral|bearish|bullish,J,qwen-3b_newlayout,0,11931,11931,9.018657986708463e-15,execution,run-001,qwen-3b_newlayout/execution/summaries/sentiment_significance.csv,64.67896170773331,stuart_maxwell
news,2,0.052062869267563004,9.070942747830234e-05,0.01106361579079708,neutral|bearish|bullish,J,qwen-3b_newlayout,0,11931,11931,9.018657986708463e-15,execution,run-002,qwen-3b_newlayout/execution/summaries/sentiment_significance.csv,64.67896170773331,stuart_maxwell
news,2,0.21903622962080907,0.007006667672769761,0.09529796328891126,neutral|bearish|bullish,P,qwen-3b_newlayout,0,11931,11931,2.538703555963137e-249,execution,run-001,qwen-3b_newlayout/execution/summaries/sentiment_significance.csv,1144.8240692316583,stuart_maxwell
news,2,0.21903622962080907,0.007006667672769761,0.09529796328891126,neutral|bearish|bullish,P,qwen-3b_newlayout,0,11931,11931,2.538703555963137e-249,execution,run-002,qwen-3b_newlayout/execution/summaries/sentiment_significance.csv,1144.8240692316583,stuart_maxwell
fiqasa,2,0.1843519196904492,0.0074551751457056885,0.062233589087809044,positive|negative|neutral,J,qwen-3b_newlayout,0,1173,1173,4.8616959578230376e-18,execution,run-001,qwen-3b_newlayout/execution/summaries/sentiment_significance.csv,79.7302886686773,stuart_maxwell
fiqasa,2,0.1843519196904492,0.0074551751457056885,0.062233589087809044,positive|negative|neutral,J,qwen-3b_newlayout,0,1173,1173,4.8616959578230376e-18,execution,run-002,qwen-3b_newlayout/execution/summaries/sentiment_significance.csv,79.7302886686773,stuart_maxwell
fiqasa,2,0.14855661091689892,0.0028520222188987195,0.0434782608695652,positive|negative|neutral,P,qwen-3b_newlayout,0,1173,1173,5.7202124073982465e-12,execution,run-001,qwen-3b_newlayout/execution/summaries/sentiment_significance.csv,51.77403035413153,stuart_maxwell
fiqasa,2,0.14855661091689892,0.0028520222188987195,0.0434782608695652,positive|negative|neutral,P,qwen-3b_newlayout,0,1173,1173,5.7202124073982465e-12,execution,run-002,qwen-3b_newlayout/execution/summaries/sentiment_significance.csv,51.77403035413153,stuart_maxwell
imdb_sklearn,2,0.07330240953231511,0.00014495067291008228,0.014100000000000001,positive|negative|neutral,J,qwen-3b_newlayout,0,10000,10000,4.6163751585747785e-24,execution,run-001,qwen-3b_newlayout/execution/summaries/sentiment_significance.csv,107.46486486486482,stuart_maxwell
imdb_sklearn,2,0.07330240953231511,0.00014495067291008228,0.014100000000000001,positive|negative|neutral,J,qwen-3b_newlayout,0,10000,10000,4.6163751585747785e-24,execution,run-002,qwen-3b_newlayout/execution/summaries/sentiment_significance.csv,107.46486486486482,stuart_maxwell
imdb_sklearn,2,0.06810365708321474,0.0001251448243301265,0.0131,positive|negative|neutral,P,qwen-3b_newlayout,0,10000,10000,7.19370164597518e-21,execution,run-001,qwen-3b_newlayout/execution/summaries/sentiment_significance.csv,92.76216216216211,stuart_maxwell
imdb_sklearn,2,0.06810365708321474,0.0001251448243301265,0.0131,positive|negative|neutral,P,qwen-3b_newlayout,0,10000,10000,7.19370164597518e-21,execution,run-002,qwen-3b_newlayout/execution/summaries/sentiment_significance.csv,92.76216216216211,stuart_maxwell
sst2,2,0.07928576091618202,0.0003040228775352806,0.012799999999999988,positive|negative|neutral,J,qwen-3b_newlayout,0,10000,10000,5.003130233524603e-28,execution,run-001,qwen-3b_newlayout/execution/summaries/sentiment_significance.csv,125.72463768115949,stuart_maxwell
sst2,2,0.07928576091618202,0.0003040228775352806,0.012799999999999988,positive|negative|neutral,J,qwen-3b_newlayout,0,10000,10000,5.003130233524603e-28,execution,run-002,qwen-3b_newlayout/execution/summaries/sentiment_significance.csv,125.72463768115949,stuart_maxwell
sst2,2,0.08471533272151023,0.0002690286846708256,0.014000000000000007,positive|negative|neutral,P,qwen-3b_newlayout,0,10000,10000,6.79268973299643e-32,execution,run-001,qwen-3b_newlayout/execution/summaries/sentiment_significance.csv,143.53375196232363,stuart_maxwell
sst2,2,0.08471533272151023,0.0002690286846708256,0.014000000000000007,positive|negative|neutral,P,qwen-3b_newlayout,0,10000,10000,6.79268973299643e-32,execution,run-002,qwen-3b_newlayout/execution/summaries/sentiment_significance.csv,143.53375196232363,stuart_maxwell
imdb,2,0.063116433759571,5.475387694647881e-05,0.008700000000000013,positive|negative|neutral,N,qwen-3b_newlayout,0,10000,10000,5.001258439318258e-18,information,run-001,qwen-3b_newlayout/information/summaries/sentiment_significance.csv,79.67368421052629,stuart_maxwell
imdb,2,0.063116433759571,5.475387694647881e-05,0.008700000000000013,positive|negative|neutral,N,qwen-3b_newlayout,0,10000,10000,5.001258439318258e-18,information,run-002,qwen-3b_newlayout/information/summaries/sentiment_significance.csv,79.67368421052629,stuart_maxwell
imdb,2,0.0626099033699941,5.11509685238885e-05,0.00839999999999999,positive|negative|neutral,S,qwen-3b_newlayout,0,10000,10000,9.454886273886723e-18,information,run-001,qwen-3b_newlayout/information/summaries/sentiment_significance.csv,78.39999999999996,stuart_maxwell
imdb,2,0.0626099033699941,5.11509685238885e-05,0.00839999999999999,positive|negative|neutral,S,qwen-3b_newlayout,0,10000,10000,9.454886273886723e-18,information,run-002,qwen-3b_newlayout/information/summaries/sentiment_significance.csv,78.39999999999996,stuart_maxwell
mental,1,0.3157414092075467,0.007928218185934338,0.10432810432810433,normal|depression,N,qwen-3b_newlayout,1,31747,31746,0.0,information,run-001,qwen-3b_newlayout/information/summaries/sentiment_significance.csv,3466.0,mcnemar_exact
mental,1,0.3157513555418498,0.007929137261918066,0.10433467741935484,normal|depression,N,qwen-3b_newlayout,3,31747,31744,0.0,information,run-002,qwen-3b_newlayout/information/summaries/sentiment_significance.csv,3466.0,mcnemar_exact
mental,1,0.07714012023809605,0.0001972775813690996,0.016536995621633493,normal|depression,S,qwen-3b_newlayout,0,31747,31747,9.315593019970916e-44,information,run-001,qwen-3b_newlayout/information/summaries/sentiment_significance.csv,1459.0,mcnemar_exact
mental,1,0.0771425501925859,0.00019730242619529076,0.01653803748621835,normal|depression,S,qwen-3b_newlayout,2,31747,31745,9.315593019970916e-44,information,run-002,qwen-3b_newlayout/information/summaries/sentiment_significance.csv,1459.0,mcnemar_exact
news,2,0.14517755526298565,0.0020017909162854536,0.03612438186237535,neutral|bearish|bullish,N,qwen-3b_newlayout,0,11931,11931,6.174140359554847e-110,information,run-001,qwen-3b_newlayout/information/summaries/sentiment_significance.csv,502.92798113909913,stuart_maxwell
news,2,0.14517755526298565,0.0020017909162854536,0.03612438186237535,neutral|bearish|bullish,N,qwen-3b_newlayout,0,11931,11931,6.174140359554847e-110,information,run-002,qwen-3b_newlayout/information/summaries/sentiment_significance.csv,502.92798113909913,stuart_maxwell
news,2,0.1790994784201237,0.00342915533367405,0.06219093118766239,neutral|bearish|bullish,S,qwen-3b_newlayout,0,11931,11931,6.2060181116797184e-167,information,run-001,qwen-3b_newlayout/information/summaries/sentiment_significance.csv,765.4123820911386,stuart_maxwell
news,2,0.1790994784201237,0.00342915533367405,0.06219093118766239,neutral|bearish|bullish,S,qwen-3b_newlayout,0,11931,11931,6.2060181116797184e-167,information,run-002,qwen-3b_newlayout/information/summaries/sentiment_significance.csv,765.4123820911386,stuart_maxwell
fiqasa,2,0.0667426584704082,9.359468549020292e-05,0.01108269394714409,positive|negative|neutral,N,qwen-3b_newlayout,0,1173,1173,0.005379148303579953,information,run-001,qwen-3b_newlayout/information/summaries/sentiment_significance.csv,10.450450450450454,stuart_maxwell
fiqasa,2,0.0667426584704082,9.359468549020292e-05,0.01108269394714409,positive|negative|neutral,N,qwen-3b_newlayout,0,1173,1173,0.005379148303579953,information,run-002,qwen-3b_newlayout/information/summaries/sentiment_significance.csv,10.450450450450454,stuart_maxwell
fiqasa,2,0.09976204606371492,0.000670865271435968,0.019607843137254895,positive|negative|neutral,S,qwen-3b_newlayout,0,1173,1173,8.510222889491018e-06,information,run-001,qwen-3b_newlayout/information/summaries/sentiment_significance.csv,23.34848484848485,stuart_maxwell
fiqasa,2,0.09976204606371492,0.000670865271435968,0.019607843137254895,positive|negative|neutral,S,qwen-3b_newlayout,0,1173,1173,8.510222889491018e-06,information,run-002,qwen-3b_newlayout/information/summaries/sentiment_significance.csv,23.34848484848485,stuart_maxwell
imdb_sklearn,2,0.08604780852591741,0.00023911078792191923,0.017700000000000028,positive|negative|neutral,N,qwen-3b_newlayout,0,10000,10000,6.980039303791045e-33,information,run-001,qwen-3b_newlayout/information/summaries/sentiment_significance.csv,148.0845070422589,stuart_maxwell
imdb_sklearn,2,0.08604780852591741,0.00023911078792191923,0.017700000000000028,positive|negative|neutral,N,qwen-3b_newlayout,0,10000,10000,6.980039303791045e-33,information,run-002,qwen-3b_newlayout/information/summaries/sentiment_significance.csv,148.0845070422589,stuart_maxwell
imdb_sklearn,2,0.05292607666021746,0.00011803112716083142,0.009700000000000047,positive|negative|neutral,S,qwen-3b_newlayout,0,10000,10000,6.834001016881112e-13,information,run-001,qwen-3b_newlayout/information/summaries/sentiment_significance.csv,56.023391812864304,stuart_maxwell
imdb_sklearn,2,0.05292607666021746,0.00011803112716083142,0.009700000000000047,positive|negative|neutral,S,qwen-3b_newlayout,0,10000,10000,6.834001016881112e-13,information,run-002,qwen-3b_newlayout/information/summaries/sentiment_significance.csv,56.023391812864304,stuart_maxwell
sst2,2,0.004351836405071063,2.3600591412587554e-06,0.0005999999999999671,positive|negative|neutral,N,qwen-3b_newlayout,0,10000,10000,0.8274680349261799,information,run-001,qwen-3b_newlayout/information/summaries/sentiment_significance.csv,0.3787696019300367,stuart_maxwell
sst2,2,0.004351836405071063,2.3600591412587554e-06,0.0005999999999999671,positive|negative|neutral,N,qwen-3b_newlayout,0,10000,10000,0.8274680349261799,information,run-002,qwen-3b_newlayout/information/summaries/sentiment_significance.csv,0.3787696019300367,stuart_maxwell
sst2,2,0.03464955578324678,4.6891559984051936e-05,0.005599999999999983,positive|negative|neutral,S,qwen-3b_newlayout,0,10000,10000,6.107963418348283e-06,information,run-001,qwen-3b_newlayout/information/summaries/sentiment_significance.csv,24.011834319526603,stuart_maxwell
sst2,2,0.03464955578324678,4.6891559984051936e-05,0.005599999999999983,positive|negative|neutral,S,qwen-3b_newlayout,0,10000,10000,6.107963418348283e-06,information,run-002,qwen-3b_newlayout/information/summaries/sentiment_significance.csv,24.011834319526603,stuart_maxwell
imdb,2,0.06915005625376035,0.00011941965249643986,0.00960000000000003,positive|negative|neutral,F,qwen-7b_newlayout,0,10000,10000,1.7108394455527868e-21,decision,run-001,qwen-7b_newlayout/decision/summaries/sentiment_significance.csv,95.63460559796444,stuart_maxwell
imdb,2,0.06915005625376035,0.00011941965249643986,0.00960000000000003,positive|negative|neutral,F,qwen-7b_newlayout,0,10000,10000,1.7108394455527868e-21,decision,run-002,qwen-7b_newlayout/decision/summaries/sentiment_significance.csv,95.63460559796444,stuart_maxwell
imdb,2,0.08261652904541701,0.00014099069954152433,0.013399999999999995,positive|negative|neutral,T,qwen-7b_newlayout,0,10000,10000,2.276511152387597e-30,decision,run-001,qwen-7b_newlayout/decision/summaries/sentiment_significance.csv,136.50981743024465,stuart_maxwell
imdb,2,0.08261652904541701,0.00014099069954152433,0.013399999999999995,positive|negative|neutral,T,qwen-7b_newlayout,0,10000,10000,2.276511152387597e-30,decision,run-002,qwen-7b_newlayout/decision/summaries/sentiment_significance.csv,136.50981743024465,stuart_maxwell
mental,1,0.18891493643375207,0.0009967845608060636,0.0358144076605664,normal|depression,F,qwen-7b_newlayout,0,31747,31747,0.0,decision,run-001,qwen-7b_newlayout/decision/summaries/sentiment_significance.csv,1141.0,mcnemar_exact
mental,1,0.1884214675834242,0.0009898438298410889,0.03569065994644827,normal|depression,F,qwen-7b_newlayout,2,31747,31745,0.0,decision,run-002,qwen-7b_newlayout/decision/summaries/sentiment_significance.csv,1139.0,mcnemar_exact
mental,1,0.18486907074195286,0.000880129212326445,0.03423945569660125,normal|depression,T,qwen-7b_newlayout,0,31747,31747,0.0,decision,run-001,qwen-7b_newlayout/decision/summaries/sentiment_significance.csv,1089.0,mcnemar_exact
mental,1,0.18496589652932025,0.000881946759015555,0.034275273288599056,normal|depression,T,qwen-7b_newlayout,4,31747,31743,0.0,decision,run-002,qwen-7b_newlayout/decision/summaries/sentiment_significance.csv,1090.0,mcnemar_exact
news,2,0.14670476713224628,0.0019030842002869357,0.04919956416059003,neutral|bearish|bullish,F,qwen-7b_newlayout,0,11931,11931,3.0255834341145405e-112,decision,run-001,qwen-7b_newlayout/decision/summaries/sentiment_significance.csv,513.5648529433316,stuart_maxwell
news,2,0.14565438168097924,0.0018911733423046875,0.04894811834716284,neutral|bearish|bullish,F,qwen-7b_newlayout,0,11931,11931,1.1803631191384058e-110,decision,run-002,qwen-7b_newlayout/decision/summaries/sentiment_significance.csv,506.2370762202453,stuart_maxwell
news,2,0.14116232323666253,0.0009121941187832036,0.03285558628782167,neutral|bearish|bullish,T,qwen-7b_newlayout,0,11931,11931,5.596721367097203e-104,decision,run-001,qwen-7b_newlayout/decision/summaries/sentiment_significance.csv,475.4933374305109,stuart_maxwell
news,2,0.14116232323666253,0.0009121941187832036,0.03285558628782167,neutral|bearish|bullish,T,qwen-7b_newlayout,0,11931,11931,5.596721367097203e-104,decision,run-002,qwen-7b_newlayout/decision/summaries/sentiment_significance.csv,475.4933374305109,stuart_maxwell
fiqasa,2,0.14314126262146998,0.0017803771656897602,0.042625745950554156,positive|negative|neutral,F,qwen-7b_newlayout,0,1173,1173,3.648605770161875e-11,decision,run-001,qwen-7b_newlayout/decision/summaries/sentiment_significance.csv,48.06818181818182,stuart_maxwell
fiqasa,2,0.14314126262146998,0.0017803771656897602,0.042625745950554156,positive|negative|neutral,F,qwen-7b_newlayout,0,1173,1173,3.648605770161875e-11,decision,run-002,qwen-7b_newlayout/decision/summaries/sentiment_significance.csv,48.06818181818182,stuart_maxwell
fiqasa,2,0.16036687123644852,0.0024215929471609783,0.05285592497868713,positive|negative|neutral,T,qwen-7b_newlayout,0,1173,1173,7.921056831539865e-14,decision,run-001,qwen-7b_newlayout/decision/summaries/sentiment_significance.csv,60.33333333333333,stuart_maxwell
fiqasa,2,0.16036687123644852,0.0024215929471609783,0.05285592497868713,positive|negative|neutral,T,qwen-7b_newlayout,0,1173,1173,7.921056831539865e-14,decision,run-002,qwen-7b_newlayout/decision/summaries/sentiment_significance.csv,60.33333333333333,stuart_maxwell
imdb_sklearn,2,0.072471230208413,0.0003895449375748354,0.010499999999999987,positive|negative|neutral,F,qwen-7b_newlayout,0,10000,10000,1.550635829899271e-23,decision,run-001,qwen-7b_newlayout/decision/summaries/sentiment_significance.csv,105.04158415841587,stuart_maxwell
imdb_sklearn,2,0.072471230208413,0.0003895449375748354,0.010499999999999987,positive|negative|neutral,F,qwen-7b_newlayout,0,10000,10000,1.550635829899271e-23,decision,run-002,qwen-7b_newlayout/decision/summaries/sentiment_significance.csv,105.04158415841587,stuart_maxwell
imdb_sklearn,2,0.08392471750893908,0.00014693569644202338,0.01389999999999999,positive|negative|neutral,T,qwen-7b_newlayout,0,10000,10000,2.5768192596634824e-31,decision,run-001,qwen-7b_newlayout/decision/summaries/sentiment_significance.csv,140.86716417910452,stuart_maxwell
imdb_sklearn,2,0.08390125752937631,0.0001517309104182441,0.013899999999999996,positive|negative|neutral,T,qwen-7b_newlayout,0,10000,10000,2.6802973308292256e-31,decision,run-002,qwen-7b_newlayout/decision/summaries/sentiment_significance.csv,140.7884203002145,stuart_maxwell
sst2,2,0.12846039242942467,0.0014338831946242511,0.0325,positive|negative|neutral,F,qwen-7b_newlayout,0,10000,10000,2.1498594423545546e-72,decision,run-001,qwen-7b_newlayout/decision/summaries/sentiment_significance.csv,330.0414484624357,stuart_maxwell
sst2,2,0.12846039242942467,0.0014338831946242511,0.0325,positive|negative|neutral,F,qwen-7b_newlayout,0,10000,10000,2.1498594423545546e-72,decision,run-002,qwen-7b_newlayout/decision/summaries/sentiment_significance.csv,330.0414484624357,stuart_maxwell
sst2,2,0.13815074177167444,0.0018432466628276372,0.0383,positive|negative|neutral,T,qwen-7b_newlayout,0,10000,10000,1.294711898068751e-83,decision,run-001,qwen-7b_newlayout/decision/summaries/sentiment_significance.csv,381.7125490412775,stuart_maxwell
sst2,2,0.13815074177167444,0.0018432466628276372,0.0383,positive|negative|neutral,T,qwen-7b_newlayout,0,10000,10000,1.294711898068751e-83,decision,run-002,qwen-7b_newlayout/decision/summaries/sentiment_significance.csv,381.7125490412775,stuart_maxwell
imdb,2,0.05298929296130802,3.6640873330186815e-05,0.005599999999999994,positive|negative|neutral,E,qwen-7b_newlayout,0,10000,10000,6.391407585352034e-13,energy,run-001,qwen-7b_newlayout/energy/summaries/sentiment_significance.csv,56.15730337078656,stuart_maxwell
imdb,2,0.05298929296130802,3.6640873330186815e-05,0.005599999999999994,positive|negative|neutral,E,qwen-7b_newlayout,0,10000,10000,6.391407585352034e-13,energy,run-002,qwen-7b_newlayout/energy/summaries/sentiment_significance.csv,56.15730337078656,stuart_maxwell
imdb,2,0.05941676057897872,3.750224864617354e-05,0.0067999999999999615,positive|negative|neutral,I,qwen-7b_newlayout,0,10000,10000,4.654558727749397e-16,energy,run-001,qwen-7b_newlayout/energy/summaries/sentiment_significance.csv,70.60702875399359,stuart_maxwell
imdb,2,0.05941676057897872,3.750224864617354e-05,0.0067999999999999615,positive|negative|neutral,I,qwen-7b_newlayout,0,10000,10000,4.654558727749397e-16,energy,run-002,qwen-7b_newlayout/energy/summaries/sentiment_significance.csv,70.60702875399359,stuart_maxwell
mental,1,0.17112694380438978,0.0013447733969532728,0.04152336478086646,normal|depression,E,qwen-7b_newlayout,54,31747,31693,8.40304883199637e-225,energy,run-001,qwen-7b_newlayout/energy/summaries/sentiment_significance.csv,1866.0,mcnemar_exact
mental,1,0.17131369788591325,0.0013472116167376254,0.04156016283252861,normal|depression,E,qwen-7b_newlayout,58,31747,31689,2.4749062870798395e-225,energy,run-002,qwen-7b_newlayout/energy/summaries/sentiment_significance.csv,1865.0,mcnemar_exact
mental,1,0.2262654566342536,0.002921576048765348,0.06081358285732319,normal|depression,I,qwen-7b_newlayout,60,31747,31687,0.0,energy,run-001,qwen-7b_newlayout/energy/summaries/sentiment_significance.csv,2289.0,mcnemar_exact
mental,1,0.2262690270387137,0.0029217186465835716,0.060815502114498515,normal|depression,I,qwen-7b_newlayout,61,31747,31686,0.0,energy,run-002,qwen-7b_newlayout/energy/summaries/sentiment_significance.csv,2289.0,mcnemar_exact
news,2,0.09563508867979802,0.0002766252054467533,0.01936132763389488,neutral|bearish|bullish,E,qwen-7b_newlayout,0,11931,11931,4.064623281749445e-48,energy,run-001,qwen-7b_newlayout/energy/summaries/sentiment_significance.csv,218.24352679725052,stuart_maxwell
news,2,0.09563508867979802,0.0002766252054467533,0.01936132763389488,neutral|bearish|bullish,E,qwen-7b_newlayout,0,11931,11931,4.064623281749445e-48,energy,run-002,qwen-7b_newlayout/energy/summaries/sentiment_significance.csv,218.24352679725052,stuart_maxwell
news,2,0.12385206506623196,0.0007699949317662227,0.02916771435755599,neutral|bearish|bullish,I,qwen-7b_newlayout,0,11931,11931,3.2976603525300046e-80,energy,run-001,qwen-7b_newlayout/energy/summaries/sentiment_significance.csv,366.0271884131622,stuart_maxwell
news,2,0.12385206506623196,0.0007699949317662227,0.02916771435755599,neutral|bearish|bullish,I,qwen-7b_newlayout,0,11931,11931,3.2976603525300046e-80,energy,run-002,qwen-7b_newlayout/energy/summaries/sentiment_significance.csv,366.0271884131622,stuart_maxwell
fiqasa,2,0.1386851408578519,0.001340517619395071,0.03836317135549874,positive|negative|neutral,E,qwen-7b_newlayout,0,1173,1173,1.591815709225002e-10,energy,run-001,qwen-7b_newlayout/energy/summaries/sentiment_significance.csv,45.121951219512184,stuart_maxwell
fiqasa,2,0.1386851408578519,0.001340517619395071,0.03836317135549874,positive|negative|neutral,E,qwen-7b_newlayout,0,1173,1173,1.591815709225002e-10,energy,run-002,qwen-7b_newlayout/energy/summaries/sentiment_significance.csv,45.121951219512184,stuart_maxwell
fiqasa,2,0.13219892525934995,0.0012317544860523683,0.03665814151747654,positive|negative|neutral,I,qwen-7b_newlayout,0,1173,1173,1.2501528663867415e-09,energy,run-001,qwen-7b_newlayout/energy/summaries/sentiment_significance.csv,41.0,stuart_maxwell
fiqasa,2,0.13219892525934995,0.0012317544860523683,0.03665814151747654,positive|negative|neutral,I,qwen-7b_newlayout,0,1173,1173,1.2501528663867415e-09,energy,run-002,qwen-7b_newlayout/energy/summaries/sentiment_significance.csv,41.0,stuart_maxwell
imdb_sklearn,2,0.07508100755810061,0.0005813427039944113,0.013,positive|negative|neutral,E,qwen-7b_newlayout,0,10000,10000,3.297123314609538e-25,energy,run-001,qwen-7b_newlayout/energy/summaries/sentiment_significance.csv,112.74315391879122,stuart_maxwell
imdb_sklearn,2,0.07508100755810061,0.0005813427039944113,0.013,positive|negative|neutral,E,qwen-7b_newlayout,0,10000,10000,3.297123314609538e-25,energy,run-002,qwen-7b_newlayout/energy/summaries/sentiment_significance.csv,112.74315391879122,stuart_maxwell
imdb_sklearn,2,0.03546874652873714,0.0004442873087498159,0.003800000000000002,positive|negative|neutral,I,qwen-7b_newlayout,0,10000,10000,3.4390344703568714e-06,energy,run-001,qwen-7b_newlayout/energy/summaries/sentiment_significance.csv,25.16063960639606,stuart_maxwell
imdb_sklearn,2,0.03546874652873714,0.0004442873087498159,0.003800000000000002,positive|negative|neutral,I,qwen-7b_newlayout,0,10000,10000,3.4390344703568714e-06,energy,run-002,qwen-7b_newlayout/energy/summaries/sentiment_significance.csv,25.16063960639606,stuart_maxwell
sst2,2,0.08798033025085283,0.00015969819043357928,0.014199999999999994,positive|negative|neutral,E,qwen-7b_newlayout,0,10000,10000,2.4169539555852844e-34,energy,run-001,qwen-7b_newlayout/energy/summaries/sentiment_significance.csv,154.81077022098262,stuart_maxwell
sst2,2,0.08798033025085283,0.00015969819043357928,0.014199999999999994,positive|negative|neutral,E,qwen-7b_newlayout,0,10000,10000,2.4169539555852844e-34,energy,run-002,qwen-7b_newlayout/energy/summaries/sentiment_significance.csv,154.81077022098262,stuart_maxwell
sst2,2,0.08798033025085283,0.0001590633737207749,0.014199999999999997,positive|negative|neutral,I,qwen-7b_newlayout,0,10000,10000,2.4169539555852844e-34,energy,run-001,qwen-7b_newlayout/energy/summaries/sentiment_significance.csv,154.81077022098262,stuart_maxwell
sst2,2,0.08798033025085283,0.0001590633737207749,0.014199999999999997,positive|negative|neutral,I,qwen-7b_newlayout,0,10000,10000,2.4169539555852844e-34,energy,run-002,qwen-7b_newlayout/energy/summaries/sentiment_significance.csv,154.81077022098262,stuart_maxwell
imdb,2,0.02136103242574446,2.432387352904286e-05,0.0014999999999999788,positive|negative|neutral,J,qwen-7b_newlayout,0,10000,10000,0.010431376298345108,execution,run-001,qwen-7b_newlayout/execution/summaries/sentiment_significance.csv,9.125874125874125,stuart_maxwell
imdb,2,0.02136103242574446,2.432387352904286e-05,0.0014999999999999788,positive|negative|neutral,J,qwen-7b_newlayout,0,10000,10000,0.010431376298345108,execution,run-002,qwen-7b_newlayout/execution/summaries/sentiment_significance.csv,9.125874125874125,stuart_maxwell
imdb,2,0.023498381072820276,9.811962986528143e-06,0.0014000000000000345,positive|negative|neutral,P,qwen-7b_newlayout,0,10000,10000,0.003998887304499968,execution,run-001,qwen-7b_newlayout/execution/summaries/sentiment_significance.csv,11.043478260869566,stuart_maxwell
imdb,2,0.023498381072820276,9.811962986528143e-06,0.0014000000000000345,positive|negative|neutral,P,qwen-7b_newlayout,0,10000,10000,0.003998887304499968,execution,run-002,qwen-7b_newlayout/execution/summaries/sentiment_significance.csv,11.043478260869566,stuart_maxwell
mental,1,0.21790293599155047,0.0026129209438866922,0.057576426791179,normal|depression,J,qwen-7b_newlayout,50,31747,31697,0.0,execution,run-001,qwen-7b_newlayout/execution/summaries/sentiment_significance.csv,2213.0,mcnemar_exact
mental,1,0.21779423127914108,0.002612328120608201,0.057570977917981075,normal|depression,J,qwen-7b_newlayout,47,31747,31700,0.0,execution,run-002,qwen-7b_newlayout/execution/summaries/sentiment_significance.csv,2215.0,mcnemar_exact
mental,1,0.1654144064011366,0.0012522978445446645,0.04008338860987401,normal|depression,P,qwen-7b_newlayout,88,31747,31659,2.437218572759079e-208,execution,run-001,qwen-7b_newlayout/execution/summaries/sentiment_significance.csv,1859.0,mcnemar_exact
mental,1,0.16523439991805608,0.0012501302351412748,0.04004927197498498,normal|depression,P,qwen-7b_newlayout,86,31747,31661,7.6635023927898645e-208,execution,run-002,qwen-7b_newlayout/execution/summaries/sentiment_significance.csv,1860.0,mcnemar_exact
news,2,0.1131370494455938,0.0004571943024782657,0.02288156902187577,neutral|bearish|bullish,J,qwen-7b_newlayout,0,11931,11931,4.7421811523724566e-67,execution,run-001,qwen-7b_newlayout/execution/summaries/sentiment_significance.csv,305.4334080840125,stuart_maxwell
news,2,0.1131370494455938,0.0004571943024782657,0.02288156902187577,neutral|bearish|bullish,J,qwen-7b_newlayout,0,11931,11931,4.7421811523724566e-67,execution,run-002,qwen-7b_newlayout/execution/summaries/sentiment_significance.csv,305.4334080840125,stuart_maxwell
news,2,0.132459638785558,0.0009503100552516342,0.03553767496437854,neutral|bearish|bullish,P,qwen-7b_newlayout,0,11931,11931,1.2204454726931417e-91,execution,run-001,qwen-7b_newlayout/execution/summaries/sentiment_significance.csv,418.67205505761837,stuart_maxwell
news,2,0.132459638785558,0.0009503100552516342,0.03553767496437854,neutral|bearish|bullish,P,qwen-7b_newlayout,0,11931,11931,1.2204454726931417e-91,execution,run-002,qwen-7b_newlayout/execution/summaries/sentiment_significance.csv,418.67205505761837,stuart_maxwell
fiqasa,2,0.1186022603649815,0.0006895881894961164,0.02813299232736574,positive|negative|neutral,J,qwen-7b_newlayout,0,1173,1173,6.825603376334866e-08,execution,run-001,qwen-7b_newlayout/execution/summaries/sentiment_significance.csv,33.0,stuart_maxwell
fiqasa,2,0.1186022603649815,0.0006895881894961164,0.02813299232736574,positive|negative|neutral,J,qwen-7b_newlayout,0,1173,1173,6.825603376334866e-08,execution,run-002,qwen-7b_newlayout/execution/summaries/sentiment_significance.csv,33.0,stuart_maxwell
fiqasa,2,0.1238760208523001,0.0007873472335357262,0.03069053708439895,positive|negative|neutral,P,qwen-7b_newlayout,0,1173,1173,1.522997974471264e-08,execution,run-001,qwen-7b_newlayout/execution/summaries/sentiment_significance.csv,36.0,stuart_maxwell
fiqasa,2,0.1238760208523001,0.0007873472335357262,0.03069053708439895,positive|negative|neutral,P,qwen-7b_newlayout,0,1173,1173,1.522997974471264e-08,execution,run-002,qwen-7b_newlayout/execution/summaries/sentiment_significance.csv,36.0,stuart_maxwell
imdb_sklearn,2,0.04794395189132775,0.0004367827259050802,0.00670000000000001,positive|negative|neutral,J,qwen-7b_newlayout,0,10000,10000,1.0404212719951062e-10,execution,run-001,qwen-7b_newlayout/execution/summaries/sentiment_significance.csv,45.972450459159006,stuart_maxwell
imdb_sklearn,2,0.04794395189132775,0.0004367827259050802,0.00670000000000001,positive|negative|neutral,J,qwen-7b_newlayout,0,10000,10000,1.0404212719951062e-10,execution,run-002,qwen-7b_newlayout/execution/summaries/sentiment_significance.csv,45.972450459159006,stuart_maxwell
imdb_sklearn,2,0.06434352951532003,0.0006930159016355145,0.010499999999999975,positive|negative|neutral,P,qwen-7b_newlayout,0,10000,10000,1.0466910100636915e-18,execution,run-001,qwen-7b_newlayout/execution/summaries/sentiment_significance.csv,82.80179580977719,stuart_maxwell
imdb_sklearn,2,0.06434352951532003,0.0006930159016355145,0.010499999999999975,positive|negative|neutral,P,qwen-7b_newlayout,0,10000,10000,1.0466910100636915e-18,execution,run-002,qwen-7b_newlayout/execution/summaries/sentiment_significance.csv,82.80179580977719,stuart_maxwell
sst2,2,0.06341874089699512,0.00019609191526583688,0.006900000000000007,positive|negative|neutral,J,qwen-7b_newlayout,0,10000,10000,3.4115430773420722e-18,execution,run-001,qwen-7b_newlayout/execution/summaries/sentiment_significance.csv,80.43873393920401,stuart_maxwell
sst2,2,0.06341874089699512,0.00019609191526583688,0.006900000000000007,positive|negative|neutral,J,qwen-7b_newlayout,0,10000,10000,3.4115430773420722e-18,execution,run-002,qwen-7b_newlayout/execution/summaries/sentiment_significance.csv,80.43873393920401,stuart_maxwell
sst2,2,0.04127347520214247,8.198037897360548e-05,0.004699999999999992,positive|negative|neutral,P,qwen-7b_newlayout,0,10000,10000,3.997556067759954e-08,execution,run-001,qwen-7b_newlayout/execution/summaries/sentiment_significance.csv,34.069995105237396,stuart_maxwell
sst2,2,0.04054046634863376,7.881816214832084e-05,0.0045999999999999965,positive|negative|neutral,P,qwen-7b_newlayout,0,10000,10000,7.281862200755943e-08,execution,run-002,qwen-7b_newlayout/execution/summaries/sentiment_significance.csv,32.87058823529412,stuart_maxwell
imdb,2,0.0317243878051129,6.323468515633272e-05,0.002600000000000024,positive|negative|neutral,N,qwen-7b_newlayout,0,10000,10000,4.256970039476739e-05,information,run-001,qwen-7b_newlayout/information/summaries/sentiment_significance.csv,20.12873563218392,stuart_maxwell
imdb,2,0.0317243878051129,6.323468515633272e-05,0.002600000000000024,positive|negative|neutral,N,qwen-7b_newlayout,0,10000,10000,4.256970039476739e-05,information,run-002,qwen-7b_newlayout/information/summaries/sentiment_significance.csv,20.12873563218392,stuart_maxwell
imdb,2,0.044314117470556094,8.205317789643945e-05,0.004599999999999993,positive|negative|neutral,S,qwen-7b_newlayout,0,10000,10000,2.9619734877256966e-09,information,run-001,qwen-7b_newlayout/information/summaries/sentiment_significance.csv,39.2748201438849,stuart_maxwell
imdb,2,0.044314117470556094,8.205317789643945e-05,0.004599999999999993,positive|negative|neutral,S,qwen-7b_newlayout,0,10000,10000,2.9619734877256966e-09,information,run-002,qwen-7b_newlayout/information/summaries/sentiment_significance.csv,39.2748201438849,stuart_maxwell
mental,1,0.27824517173786434,0.005454019938335546,0.0824553655920762,normal|depression,N,qwen-7b_newlayout,45,31747,31702,0.0,information,run-001,qwen-7b_newlayout/information/summaries/sentiment_significance.csv,2784.0,mcnemar_exact
mental,1,0.2782495602899207,0.005454524006667908,0.08245796662565849,normal|depression,N,qwen-7b_newlayout,46,31747,31701,0.0,information,run-002,qwen-7b_newlayout/information/summaries/sentiment_significance.csv,2784.0,mcnemar_exact
mental,1,0.09758472251988785,0.0003865740687612595,0.022389945051474763,normal|depression,S,qwen-7b_newlayout,81,31747,31666,1.7603424794678207e-69,information,run-001,qwen-7b_newlayout/information/summaries/sentiment_significance.csv,1667.0,mcnemar_exact
mental,1,0.09740402932394635,0.00038519731454986564,0.02235201262825573,normal|depression,S,qwen-7b_newlayout,72,31747,31675,3.0628868073142767e-69,information,run-002,qwen-7b_newlayout/information/summaries/sentiment_significance.csv,1668.0,mcnemar_exact
news,2,0.01291922188314674,6.314451899920581e-06,0.0026820886765568305,neutral|bearish|bullish,N,qwen-7b_newlayout,0,11931,11931,0.13650978328591554,information,run-001,qwen-7b_newlayout/information/summaries/sentiment_significance.csv,3.982717989002357,stuart_maxwell
news,2,0.01291922188314674,6.314451899920581e-06,0.0026820886765568305,neutral|bearish|bullish,N,qwen-7b_newlayout,0,11931,11931,0.13650978328591554,information,run-002,qwen-7b_newlayout/information/summaries/sentiment_significance.csv,3.982717989002357,stuart_maxwell
news,2,0.07661402264864729,0.00019250053966997274,0.014919118263347617,neutral|bearish|bullish,S,qwen-7b_newlayout,0,11931,11931,3.8522067661650966e-31,information,run-001,qwen-7b_newlayout/information/summaries/sentiment_significance.csv,140.06298342541436,stuart_maxwell
news,2,0.07661402264864729,0.00019250053966997274,0.014919118263347617,neutral|bearish|bullish,S,qwen-7b_newlayout,0,11931,11931,3.8522067661650966e-31,information,run-002,qwen-7b_newlayout/information/summaries/sentiment_significance.csv,140.06298342541436,stuart_maxwell
fiqasa,2,0.11486660978619029,0.0008149132008715473,0.030690537084398978,positive|negative|neutral,N,qwen-7b_newlayout,0,1173,1173,1.898638642878406e-07,information,run-001,qwen-7b_newlayout/information/summaries/sentiment_significance.csv,30.953917050691242,stuart_maxwell
fiqasa,2,0.11486660978619029,0.0008149132008715473,0.030690537084398978,positive|negative|neutral,N,qwen-7b_newlayout,0,1173,1173,1.898638642878406e-07,information,run-002,qwen-7b_newlayout/information/summaries/sentiment_significance.csv,30.953917050691242,stuart_maxwell
fiqasa,2,0.11679143249475675,0.0006178432205260417,0.027280477408354625,positive|negative|neutral,S,qwen-7b_newlayout,0,1173,1173,1.1253517471925916e-07,information,run-001,qwen-7b_newlayout/information/summaries/sentiment_significance.csv,32.0,stuart_maxwell
fiqasa,2,0.11679143249475675,0.0006178432205260417,0.027280477408354625,positive|negative|neutral,S,qwen-7b_newlayout,0,1173,1173,1.1253517471925916e-07,information,run-002,qwen-7b_newlayout/information/summaries/sentiment_significance.csv,32.0,stuart_maxwell
imdb_sklearn,2,0.07716460178355095,0.0013067481642005565,0.013800000000000026,positive|negative|neutral,N,qwen-7b_newlayout,0,10000,10000,1.3818936016491583e-26,information,run-001,qwen-7b_newlayout/information/summaries/sentiment_significance.csv,119.08751536827987,stuart_maxwell
imdb_sklearn,2,0.07716460178355095,0.0013067481642005565,0.013800000000000026,positive|negative|neutral,N,qwen-7b_newlayout,0,10000,10000,1.3818936016491583e-26,information,run-002,qwen-7b_newlayout/information/summaries/sentiment_significance.csv,119.08751536827987,stuart_maxwell
imdb_sklearn,2,0.03387866921297642,0.0002348190349638759,0.004099999999999997,positive|negative|neutral,S,qwen-7b_newlayout,0,10000,10000,1.0359130259707558e-05,information,run-001,qwen-7b_newlayout/information/summaries/sentiment_significance.csv,22.955284552845526,stuart_maxwell
imdb_sklearn,2,0.03387866921297642,0.0002348190349638759,0.004099999999999997,positive|negative|neutral,S,qwen-7b_newlayout,0,10000,10000,1.0359130259707558e-05,information,run-002,qwen-7b_newlayout/information/summaries/sentiment_significance.csv,22.955284552845526,stuart_maxwell
sst2,2,0.07721692265639128,0.00013429075642898219,0.012599999999999986,positive|negative|neutral,N,qwen-7b_newlayout,0,10000,10000,1.2746619071887693e-26,information,run-001,qwen-7b_newlayout/information/summaries/sentiment_significance.csv,119.24906289046227,stuart_maxwell
sst2,2,0.07721692265639128,0.00013429075642898219,0.012599999999999986,positive|negative|neutral,N,qwen-7b_newlayout,0,10000,10000,1.2746619071887693e-26,information,run-002,qwen-7b_newlayout/information/summaries/sentiment_significance.csv,119.24906289046227,stuart_maxwell
sst2,2,0.0863075944071751,0.0003588846248263164,0.014600000000000023,positive|negative|neutral,S,qwen-7b_newlayout,0,10000,10000,4.4606725260976854e-33,information,run-001,qwen-7b_newlayout/information/summaries/sentiment_significance.csv,148.98001704706886,stuart_maxwell
sst2,2,0.0863075944071751,0.0003588846248263164,0.014600000000000023,positive|negative|neutral,S,qwen-7b_newlayout,0,10000,10000,4.4606725260976854e-33,information,run-002,qwen-7b_newlayout/information/summaries/sentiment_significance.csv,148.98001704706886,stuart_maxwell
