model_root,pair,model,dataset,test,n_rows,n_sig_p_lt_0.05,sig_rate,p_min,p_median,p_max,effect_cramers_v_median,effect_tv_median,effect_js_median
llama-3b_newlayout,ST-NF,NF,fiqasa,stuart_maxwell,2,2,1.0,2.0775905525745766e-84,2.9742167594027034e-81,5.946355928252832e-81,0.4010698524807432,0.3158567774936061,0.11164176997523328
llama-3b_newlayout,ST-NF,NF,imdb,stuart_maxwell,2,2,1.0,4.4730754407449404e-123,2.1538841381985545e-119,4.3073209688530346e-119,0.16646760169484426,0.05535,0.0031010059492821472
llama-3b_newlayout,ST-NF,NF,imdb_sklearn,stuart_maxwell,2,2,1.0,3.3036072487483526e-141,5.24213980880433e-139,1.0451243545121177e-138,0.17904875980449403,0.06474999999999999,0.005216963946119789
llama-3b_newlayout,ST-NF,NF,mental,mcnemar_exact,2,2,1.0,2.6918946107268347e-34,9.925566733588935e-16,1.985113346717787e-15,0.057974896565946274,0.014954984375797016,0.0003572492878597825
llama-3b_newlayout,ST-NF,NF,news,stuart_maxwell,2,2,1.0,0.0,0.0,0.0,0.3813080486468714,0.2912580672198475,0.06569827722112032
llama-3b_newlayout,ST-NF,NF,sst2,stuart_maxwell,2,2,1.0,0.0,0.0,0.0,0.2698672529634728,0.14254999999999998,0.014958635158259933
llama-3b_newlayout,ST-NF,ST,fiqasa,stuart_maxwell,2,2,1.0,4.498419322019669e-19,3.4060175930520455e-11,6.812035141119897e-11,0.16552276352088763,0.06862745098039215,0.003558510563841083
llama-3b_newlayout,ST-NF,ST,imdb,stuart_maxwell,2,2,1.0,5.850347277495003e-115,4.335684029153528e-112,8.66551771102956e-112,0.16104894853699103,0.05209999999999998,0.004120798194244621
llama-3b_newlayout,ST-NF,ST,imdb_sklearn,stuart_maxwell,2,2,1.0,3.6436046702150605e-112,5.137731235100098e-110,1.0239026423498045e-109,0.15930145180481486,0.050850000000000006,0.005274669007153528
llama-3b_newlayout,ST-NF,ST,mental,mcnemar_exact,2,2,1.0,0.0,0.0,0.0,0.5430853822387729,0.2962626744840827,0.07971166029300628
llama-3b_newlayout,ST-NF,ST,news,stuart_maxwell,2,2,1.0,0.0,0.0,0.0,0.3032798424438658,0.1839745201575727,0.0296122679427207
llama-3b_newlayout,ST-NF,ST,sst2,stuart_maxwell,2,2,1.0,7.338532596397326e-307,1.4139129982722262e-295,2.827825996537114e-295,0.2629633938356595,0.13735000000000003,0.016796455219682288
llama-3b_newlayout,decision,F,fiqasa,stuart_maxwell,2,2,1.0,3.691829002133728e-45,1.6669563618249797e-42,3.330220894647826e-42,0.2903368465728053,0.16837169650468883,0.027484108591403163
llama-3b_newlayout,decision,F,imdb,stuart_maxwell,2,2,1.0,2.979288148736876e-54,6.582668810421707e-41,1.3165337620843117e-40,0.10342210614698932,0.022400000000000028,0.000699598198262842
llama-3b_newlayout,decision,F,imdb_sklearn,stuart_maxwell,2,2,1.0,4.679172641186482e-31,7.246326212003207e-21,1.4492652423538497e-20,0.07557800147029747,0.013899999999999968,0.00014260128953267346
llama-3b_newlayout,decision,F,mental,mcnemar_exact,2,2,1.0,0.0,1.3274399814337855e-220,2.654879962867571e-220,0.20481489549963,0.045089111726169,0.004196756527279611
llama-3b_newlayout,decision,F,news,stuart_maxwell,2,2,1.0,6.86280455654759e-192,3.1380893047717117e-113,6.276178609543423e-113,0.16961443697860168,0.06688458637163687,0.0048482229827980635
llama-3b_newlayout,decision,F,sst2,stuart_maxwell,2,2,1.0,2.875505692098979e-172,1.4147766929293544e-169,2.8266778801666097e-169,0.19787256347447396,0.07639999999999997,0.00471950920482141
llama-3b_newlayout,decision,T,fiqasa,stuart_maxwell,2,2,1.0,1.4042596014979176e-37,1.6010422067931956e-19,3.2020844135863912e-19,0.22975037785418723,0.10187553282182436,0.015292137891486667
llama-3b_newlayout,decision,T,imdb,stuart_maxwell,2,2,1.0,2.7763000388850214e-89,1.3298011087249257e-84,2.6595744544494623e-84,0.1407595353150154,0.03959999999999998,0.0032080550402917283
llama-3b_newlayout,decision,T,imdb_sklearn,stuart_maxwell,2,2,1.0,2.402728460984503e-107,4.251477067652122e-93,8.50295413530422e-93,0.15114329697276715,0.04575,0.0015369235594678721
llama-3b_newlayout,decision,T,mental,mcnemar_exact,2,2,1.0,2.7567895257476673e-09,3.699081886935957e-08,7.122484821297147e-08,0.032045453666846996,0.004309612106096011,2.7828830491651935e-05
llama-3b_newlayout,decision,T,news,stuart_maxwell,2,2,1.0,1.3762966559794678e-254,2.485188242909889e-236,4.970376485819778e-236,0.21722204193951472,0.09689045344061692,0.007279635388956719
llama-3b_newlayout,decision,T,sst2,stuart_maxwell,2,2,1.0,6.302095320230546e-303,2.930634041939142e-190,5.861268083878284e-190,0.2362639956354606,0.11065000000000001,0.015320077998500936
llama-3b_newlayout,energy,E,fiqasa,stuart_maxwell,2,2,1.0,4.949455520108961e-83,1.0232056436794094e-81,1.996916732157729e-81,0.39998080029792593,0.2911338448422848,0.12381598451714837
llama-3b_newlayout,energy,E,imdb,stuart_maxwell,2,2,1.0,1.3510252550844588e-27,3.381936352269993e-23,6.763737602014477e-23,0.07505230386968591,0.012099999999999991,0.0001257708360968502
llama-3b_newlayout,energy,E,imdb_sklearn,stuart_maxwell,2,2,1.0,1.6557155274518677e-23,2.969868830865412e-19,5.939572090178079e-19,0.06860414541597044,0.011049999999999982,0.00013800958920570267
llama-3b_newlayout,energy,E,mental,mcnemar_exact,2,2,1.0,0.0,0.0,0.0,0.19429946429152184,0.038996252283093814,0.0020320483320586885
llama-3b_newlayout,energy,E,news,stuart_maxwell,2,2,1.0,0.0,0.0,0.0,0.2490347099592124,0.1215740507920543,0.014363562275297944
llama-3b_newlayout,energy,E,sst2,stuart_maxwell,2,2,1.0,3.778449161449957e-153,9.764723659159685e-146,1.9529446940474452e-145,0.18494004729495028,0.06364999999999998,0.007517241419794989
llama-3b_newlayout,energy,I,fiqasa,stuart_maxwell,2,2,1.0,9.083557353938467e-13,6.878728074443128e-08,1.3757365313312716e-07,0.13490090268449723,0.06223358908780903,0.0038588226809532257
llama-3b_newlayout,energy,I,imdb,stuart_maxwell,2,2,1.0,5.0531455234330976e-26,1.4731204407402159e-25,2.440926329137122e-25,0.0758004138647138,0.012099999999999979,0.0001908277878297298
llama-3b_newlayout,energy,I,imdb_sklearn,stuart_maxwell,2,2,1.0,9.291982736789882e-12,3.8114288244046413e-07,7.622764728981915e-07,0.04396643077613205,0.006149999999999994,7.796529350501751e-05
llama-3b_newlayout,energy,I,mental,mcnemar_exact,2,2,1.0,0.0,1.1152092231638602e-270,2.2304184463277204e-270,0.18378853663401165,0.034563809280189706,0.00200378883394952
llama-3b_newlayout,energy,I,news,stuart_maxwell,2,2,1.0,0.0,0.0,0.0,0.2675193719204247,0.14726343139720058,0.018173535414964796
llama-3b_newlayout,energy,I,sst2,stuart_maxwell,2,2,1.0,3.1918202888427356e-95,5.419440391526122e-87,1.083888075113404e-86,0.14409970107276396,0.041350000000000026,0.0022806587272012077
llama-3b_newlayout,execution,J,fiqasa,stuart_maxwell,2,2,1.0,3.5775438585797236e-66,6.279602152229774e-66,8.981660445879826e-66,0.3578796763547774,0.23017902813299235,0.07682169087111101
llama-3b_newlayout,execution,J,imdb,stuart_maxwell,2,2,1.0,2.5646490762215576e-14,9.714240117645667e-10,1.942822377038371e-09,0.05036439214304812,0.007149999999999984,0.00016454892117966395
llama-3b_newlayout,execution,J,imdb_sklearn,stuart_maxwell,2,2,1.0,1.045557361220534e-05,4.278627658480113e-05,7.511697955739692e-05,0.032340661525583334,0.0038500000000000166,0.0007334394120879698
llama-3b_newlayout,execution,J,mental,mcnemar_exact,2,2,1.0,2.2894974118683677e-187,1.8744269726095177e-172,3.748853945219033e-172,0.15776007405334852,0.04582803256380393,0.0027428946285814925
llama-3b_newlayout,execution,J,news,stuart_maxwell,2,2,1.0,2.197802980718224e-71,2.8237552572801324e-71,3.4497075338420406e-71,0.11669411518300044,0.03612438186237532,0.0013484708562537789
llama-3b_newlayout,execution,J,sst2,stuart_maxwell,2,2,1.0,1.7611871830552177e-131,7.324762112994072e-116,1.464952422598814e-115,0.1680615110851097,0.05580000000000003,0.007737777132548859
llama-3b_newlayout,execution,P,fiqasa,stuart_maxwell,2,2,1.0,2.0289835828732195e-25,4.2125417155137865e-25,6.396099848154354e-25,0.21904534351153482,0.09207161125319693,0.010883178888187107
llama-3b_newlayout,execution,P,imdb,stuart_maxwell,2,2,1.0,8.058464072846151e-27,3.841032670440775e-22,7.681984756240821e-22,0.07361993875346551,0.01214999999999999,0.0009274607345304294
llama-3b_newlayout,execution,P,imdb_sklearn,stuart_maxwell,2,2,1.0,6.067537089743221e-29,3.8090533934790715e-26,7.6120392498684e-26,0.07832808873606283,0.016449999999999992,0.003061131536554118
llama-3b_newlayout,execution,P,mental,mcnemar_exact,2,2,1.0,0.0,0.0,0.0,0.597144143152242,0.35745902608908103,0.11007316103502338
llama-3b_newlayout,execution,P,news,stuart_maxwell,2,2,1.0,1.4504874534702362e-24,1.6522207595004546e-19,3.3044270141263745e-19,0.06377475194686771,0.023049199564160586,0.0006339177542795865
llama-3b_newlayout,execution,P,sst2,stuart_maxwell,2,2,1.0,1.3656764891105959e-190,3.703755464967998e-176,7.407510929935982e-176,0.20494992846918708,0.0711,0.01173336691843259
llama-3b_newlayout,information,N,fiqasa,stuart_maxwell,2,2,1.0,8.36590705936107e-15,1.7137273705939242e-11,3.4266181504819126e-11,0.1547813297060964,0.05498721227621482,0.0033870353751001073
llama-3b_newlayout,information,N,imdb,stuart_maxwell,2,2,1.0,1.5008153417098742e-62,4.504192993282989e-58,9.008235905031807e-58,0.11696055937626249,0.023549999999999988,0.0070109682924593165
llama-3b_newlayout,information,N,imdb_sklearn,stuart_maxwell,2,2,1.0,6.274289639408248e-28,9.777186041075152e-22,1.9554365807860666e-21,0.0740981127906491,0.01489999999999999,0.0002104487157238865
llama-3b_newlayout,information,N,mental,mcnemar_exact,2,2,1.0,0.0,0.0,0.0,0.2053536665020328,0.043182941623916976,0.003197172452118557
llama-3b_newlayout,information,N,news,stuart_maxwell,2,2,1.0,0.0,0.0,0.0,0.268624439958195,0.15166373313217668,0.017776453294048103
llama-3b_newlayout,information,N,sst2,stuart_maxwell,2,2,1.0,6.08011987954865e-187,5.483561264912826e-185,1.0906321331030165e-184,0.2064412009176265,0.07564999999999998,0.012756151418431519
llama-3b_newlayout,information,S,fiqasa,stuart_maxwell,2,2,1.0,6.664590885927896e-65,1.4142623344864329e-64,2.162065580380076e-64,0.354224552102958,0.242540494458653,0.07965974470195689
llama-3b_newlayout,information,S,imdb,stuart_maxwell,2,2,1.0,1.320254833609457e-62,1.5660683162335297e-58,3.1320046069836982e-58,0.11721740111032061,0.028950000000000004,0.001147674835633759
llama-3b_newlayout,information,S,imdb_sklearn,stuart_maxwell,2,2,1.0,3.294985785336889e-74,1.948521980124531e-68,3.897040665263276e-68,0.12733100801562505,0.033600000000000005,0.000823687059388358
llama-3b_newlayout,information,S,mental,mcnemar_exact,2,2,1.0,2.69718439421178e-75,6.299499867187294e-71,1.2598730015935167e-70,0.09879181200644734,0.016651299574524006,0.0003916259358283476
llama-3b_newlayout,information,S,news,stuart_maxwell,2,2,1.0,2.742195838067932e-284,6.269852256661498e-277,1.2539704239103412e-276,0.23234330836334297,0.09391501131506161,0.008384956920622903
llama-3b_newlayout,information,S,sst2,stuart_maxwell,2,2,1.0,1.2805308271224468e-259,2.6229692624451914e-252,5.2459383968373e-252,0.24234797956114218,0.11780000000000003,0.023130022861946938
qwen-3b_newlayout,decision,F,fiqasa,stuart_maxwell,2,2,1.0,2.293819284244738e-19,2.293819284244738e-19,2.293819284244738e-19,0.19128251698305684,0.07075873827791988,0.007162812133710516
qwen-3b_newlayout,decision,F,imdb,stuart_maxwell,2,2,1.0,1.8048513878454602e-35,1.8048513878454602e-35,1.8048513878454602e-35,0.08944271909999157,0.015999999999999986,0.00018506111966010326
qwen-3b_newlayout,decision,F,imdb_sklearn,stuart_maxwell,2,2,1.0,4.762196308729068e-21,4.762196308729068e-21,4.762196308729068e-21,0.06840583160933822,0.010099999999999998,7.443620140060864e-05
qwen-3b_newlayout,decision,F,mental,mcnemar_exact,2,2,1.0,0.0,0.0,0.0,0.23857653693877504,0.05691876397769863,0.00234219620383826
qwen-3b_newlayout,decision,F,news,stuart_maxwell,2,2,1.0,2.642544552051358e-190,2.642544552051358e-190,2.642544552051358e-190,0.1912772699416969,0.07333836224960184,0.005154216571171304
qwen-3b_newlayout,decision,F,sst2,stuart_maxwell,2,2,1.0,2.581760344799719e-124,2.581760344799719e-124,2.581760344799719e-124,0.1686926436039242,0.05689999999999999,0.0027341792050141764
qwen-3b_newlayout,decision,T,fiqasa,stuart_maxwell,2,2,1.0,7.285162083938075e-22,7.285162083938075e-22,7.285162083938075e-22,0.20369776927697789,0.08098891730605284,0.008965345957913463
qwen-3b_newlayout,decision,T,imdb,stuart_maxwell,2,2,1.0,4.359610000063195e-28,4.359610000063195e-28,4.359610000063195e-28,0.0793725393319377,0.012599999999999972,0.00011516170900959487
qwen-3b_newlayout,decision,T,imdb_sklearn,stuart_maxwell,2,2,1.0,4.693969975249699e-25,4.693969975249699e-25,4.693969975249699e-25,0.07484540642140514,0.011399999999999948,0.00031392643580441064
qwen-3b_newlayout,decision,T,mental,mcnemar_exact,2,2,1.0,0.0,0.0,0.0,0.1916463124824113,0.03685387595678333,0.000982700662679862
qwen-3b_newlayout,decision,T,news,stuart_maxwell,2,2,1.0,1.1961729327975913e-113,1.1961729327975913e-113,1.1961729327975913e-113,0.14762472391997047,0.0418238203000587,0.0017728731666684545
qwen-3b_newlayout,decision,T,sst2,stuart_maxwell,2,2,1.0,2.079311581343535e-117,2.079311581343535e-117,2.079311581343535e-117,0.16391168933663056,0.05360000000000001,0.0026199313391118673
qwen-3b_newlayout,energy,E,fiqasa,stuart_maxwell,2,2,1.0,9.460809053455215e-19,9.460809053455215e-19,9.460809053455215e-19,0.18809848244901925,0.06990622335890881,0.0055691886323185145
qwen-3b_newlayout,energy,E,imdb,stuart_maxwell,2,2,1.0,3.2213402859924316e-27,3.2213402859924316e-27,3.2213402859924316e-27,0.07810249675906657,0.012199999999999989,0.0001076328554367673
qwen-3b_newlayout,energy,E,imdb_sklearn,stuart_maxwell,2,2,1.0,2.3307036880690666e-53,2.3307036880690666e-53,2.3307036880690666e-53,0.11008671113929076,0.0252,0.0004620330414819244
qwen-3b_newlayout,energy,E,mental,mcnemar_exact,2,2,1.0,1.176734e-317,1.176734e-317,1.176734e-317,0.19997820563787655,0.05055595804327964,0.0018467036436898877
qwen-3b_newlayout,energy,E,news,stuart_maxwell,2,2,1.0,4.5923080910016624e-17,4.5923080910016624e-17,4.5923080910016624e-17,0.056152417069670627,0.010057832537088265,0.00011610179848583774
qwen-3b_newlayout,energy,E,sst2,stuart_maxwell,2,2,1.0,1.9219477278177058e-98,1.9219477278177058e-98,1.9219477278177058e-98,0.15000000000000105,0.04499999999999998,0.0016601436334464856
qwen-3b_newlayout,energy,I,fiqasa,stuart_maxwell,2,2,1.0,9.03443971710817e-14,9.03443971710817e-14,9.03443971710817e-14,0.160016909252192,0.05029838022165389,0.003415396425916345
qwen-3b_newlayout,energy,I,imdb,stuart_maxwell,2,2,1.0,1.0806392777073147e-30,1.0806392777073147e-30,1.0806392777073147e-30,0.08306623862918074,0.013799999999999979,0.00013816758577220572
qwen-3b_newlayout,energy,I,imdb_sklearn,stuart_maxwell,2,0,0.0,0.8963942066351505,0.8963942066351505,0.8963942066351505,0.003307189138830738,0.0006999999999999507,3.584198479609753e-07
qwen-3b_newlayout,energy,I,mental,mcnemar_exact,2,2,1.0,0.0,0.0,0.0,0.2341855356033719,0.06306107663716257,0.0028769046519054736
qwen-3b_newlayout,energy,I,news,stuart_maxwell,2,2,1.0,8.897536735397802e-263,8.897536735397802e-263,8.897536735397802e-263,0.22488583885049257,0.10099740172659463,0.008039773724585274
qwen-3b_newlayout,energy,I,sst2,stuart_maxwell,2,2,1.0,1.338378724241388e-102,1.338378724241388e-102,1.338378724241388e-102,0.15315750732864553,0.046900000000000025,0.0019397749218304674
qwen-3b_newlayout,execution,J,fiqasa,stuart_maxwell,2,2,1.0,4.8616959578230376e-18,4.8616959578230376e-18,4.8616959578230376e-18,0.1843519196904492,0.062233589087809044,0.0074551751457056885
qwen-3b_newlayout,execution,J,imdb,stuart_maxwell,2,0,0.0,0.24935220877729608,0.24935220877729608,0.24935220877729608,0.011785113019775794,0.0010000000000000009,7.240240994328055e-07
qwen-3b_newlayout,execution,J,imdb_sklearn,stuart_maxwell,2,2,1.0,4.6163751585747785e-24,4.6163751585747785e-24,4.6163751585747785e-24,0.07330240953231511,0.014100000000000001,0.00014495067291008228
qwen-3b_newlayout,execution,J,mental,mcnemar_exact,2,2,1.0,0.0,0.0,0.0,0.2299393459424091,0.061675118908873255,0.002751400301849956
qwen-3b_newlayout,execution,J,news,stuart_maxwell,2,2,1.0,9.018657986708463e-15,9.018657986708463e-15,9.018657986708463e-15,0.052062869267563004,0.01106361579079708,9.070942747830234e-05
qwen-3b_newlayout,execution,J,sst2,stuart_maxwell,2,2,1.0,5.003130233524603e-28,5.003130233524603e-28,5.003130233524603e-28,0.07928576091618202,0.012799999999999988,0.0003040228775352806
qwen-3b_newlayout,execution,P,fiqasa,stuart_maxwell,2,2,1.0,5.7202124073982465e-12,5.7202124073982465e-12,5.7202124073982465e-12,0.14855661091689892,0.0434782608695652,0.0028520222188987195
qwen-3b_newlayout,execution,P,imdb,stuart_maxwell,2,2,1.0,0.026541857653049544,0.026541857653049544,0.026541857653049544,0.019050019050028576,0.001500000000000029,1.6289555698713234e-06
qwen-3b_newlayout,execution,P,imdb_sklearn,stuart_maxwell,2,2,1.0,7.19370164597518e-21,7.19370164597518e-21,7.19370164597518e-21,0.06810365708321474,0.0131,0.0001251448243301265
qwen-3b_newlayout,execution,P,mental,mcnemar_exact,2,2,1.0,0.0,0.0,0.0,0.2104916265998905,0.05471383122814749,0.0021637737802552015
qwen-3b_newlayout,execution,P,news,stuart_maxwell,2,2,1.0,2.538703555963137e-249,2.538703555963137e-249,2.538703555963137e-249,0.21903622962080907,0.09529796328891126,0.007006667672769761
qwen-3b_newlayout,execution,P,sst2,stuart_maxwell,2,2,1.0,6.79268973299643e-32,6.79268973299643e-32,6.79268973299643e-32,0.08471533272151023,0.014000000000000007,0.0002690286846708256
qwen-3b_newlayout,information,N,fiqasa,stuart_maxwell,2,2,1.0,0.005379148303579953,0.005379148303579953,0.005379148303579953,0.0667426584704082,0.01108269394714409,9.359468549020292e-05
qwen-3b_newlayout,information,N,imdb,stuart_maxwell,2,2,1.0,5.001258439318258e-18,5.001258439318258e-18,5.001258439318258e-18,0.063116433759571,0.008700000000000013,5.475387694647881e-05
qwen-3b_newlayout,information,N,imdb_sklearn,stuart_maxwell,2,2,1.0,6.980039303791045e-33,6.980039303791045e-33,6.980039303791045e-33,0.08604780852591741,0.017700000000000028,0.00023911078792191923
qwen-3b_newlayout,information,N,mental,mcnemar_exact,2,2,1.0,0.0,0.0,0.0,0.3157463823746982,0.10433139087372958,0.007928677723926202
qwen-3b_newlayout,information,N,news,stuart_maxwell,2,2,1.0,6.174140359554847e-110,6.174140359554847e-110,6.174140359554847e-110,0.14517755526298565,0.03612438186237535,0.0020017909162854536
qwen-3b_newlayout,information,N,sst2,stuart_maxwell,2,0,0.0,0.8274680349261799,0.8274680349261799,0.8274680349261799,0.004351836405071063,0.0005999999999999671,2.3600591412587554e-06
qwen-3b_newlayout,information,S,fiqasa,stuart_maxwell,2,2,1.0,8.510222889491018e-06,8.510222889491018e-06,8.510222889491018e-06,0.09976204606371492,0.019607843137254895,0.000670865271435968
qwen-3b_newlayout,information,S,imdb,stuart_maxwell,2,2,1.0,9.454886273886723e-18,9.454886273886723e-18,9.454886273886723e-18,0.0626099033699941,0.00839999999999999,5.11509685238885e-05
qwen-3b_newlayout,information,S,imdb_sklearn,stuart_maxwell,2,2,1.0,6.834001016881112e-13,6.834001016881112e-13,6.834001016881112e-13,0.05292607666021746,0.009700000000000047,0.00011803112716083142
qwen-3b_newlayout,information,S,mental,mcnemar_exact,2,2,1.0,9.315593019970916e-44,9.315593019970916e-44,9.315593019970916e-44,0.07714133521534097,0.01653751655392592,0.00019729000378219518
qwen-3b_newlayout,information,S,news,stuart_maxwell,2,2,1.0,6.2060181116797184e-167,6.2060181116797184e-167,6.2060181116797184e-167,0.1790994784201237,0.06219093118766239,0.00342915533367405
qwen-3b_newlayout,information,S,sst2,stuart_maxwell,2,2,1.0,6.107963418348283e-06,6.107963418348283e-06,6.107963418348283e-06,0.03464955578324678,0.005599999999999983,4.6891559984051936e-05
qwen-7b_newlayout,decision,F,fiqasa,stuart_maxwell,2,2,1.0,3.648605770161875e-11,3.648605770161875e-11,3.648605770161875e-11,0.14314126262146998,0.042625745950554156,0.0017803771656897602
qwen-7b_newlayout,decision,F,imdb,stuart_maxwell,2,2,1.0,1.7108394455527868e-21,1.7108394455527868e-21,1.7108394455527868e-21,0.06915005625376035,0.00960000000000003,0.00011941965249643986
qwen-7b_newlayout,decision,F,imdb_sklearn,stuart_maxwell,2,2,1.0,1.550635829899271e-23,1.550635829899271e-23,1.550635829899271e-23,0.072471230208413,0.010499999999999987,0.0003895449375748354
qwen-7b_newlayout,decision,F,mental,mcnemar_exact,2,2,1.0,0.0,0.0,0.0,0.18866820200858814,0.03575253380350733,0.0009933141953235762
qwen-7b_newlayout,decision,F,news,stuart_maxwell,2,2,1.0,3.0255834341145405e-112,6.053094767397756e-111,1.1803631191384058e-110,0.14617957440661278,0.049073841253876434,0.0018971287712958116
qwen-7b_newlayout,decision,F,sst2,stuart_maxwell,2,2,1.0,2.1498594423545546e-72,2.1498594423545546e-72,2.1498594423545546e-72,0.12846039242942467,0.0325,0.0014338831946242511
qwen-7b_newlayout,decision,T,fiqasa,stuart_maxwell,2,2,1.0,7.921056831539865e-14,7.921056831539865e-14,7.921056831539865e-14,0.16036687123644852,0.05285592497868713,0.0024215929471609783
qwen-7b_newlayout,decision,T,imdb,stuart_maxwell,2,2,1.0,2.276511152387597e-30,2.276511152387597e-30,2.276511152387597e-30,0.08261652904541701,0.013399999999999995,0.00014099069954152433
qwen-7b_newlayout,decision,T,imdb_sklearn,stuart_maxwell,2,2,1.0,2.5768192596634824e-31,2.628558295246354e-31,2.6802973308292256e-31,0.0839129875191577,0.013899999999999992,0.00014933330343013375
qwen-7b_newlayout,decision,T,mental,mcnemar_exact,2,2,1.0,0.0,0.0,0.0,0.18491748363563654,0.034257364492600154,0.000881037985671
qwen-7b_newlayout,decision,T,news,stuart_maxwell,2,2,1.0,5.596721367097203e-104,5.596721367097203e-104,5.596721367097203e-104,0.14116232323666253,0.03285558628782167,0.0009121941187832036
qwen-7b_newlayout,decision,T,sst2,stuart_maxwell,2,2,1.0,1.294711898068751e-83,1.294711898068751e-83,1.294711898068751e-83,0.13815074177167444,0.0383,0.0018432466628276372
qwen-7b_newlayout,energy,E,fiqasa,stuart_maxwell,2,2,1.0,1.591815709225002e-10,1.591815709225002e-10,1.591815709225002e-10,0.1386851408578519,0.03836317135549874,0.001340517619395071
qwen-7b_newlayout,energy,E,imdb,stuart_maxwell,2,2,1.0,6.391407585352034e-13,6.391407585352034e-13,6.391407585352034e-13,0.05298929296130802,0.005599999999999994,3.6640873330186815e-05
qwen-7b_newlayout,energy,E,imdb_sklearn,stuart_maxwell,2,2,1.0,3.297123314609538e-25,3.297123314609538e-25,3.297123314609538e-25,0.07508100755810061,0.013,0.0005813427039944113
qwen-7b_newlayout,energy,E,mental,mcnemar_exact,2,2,1.0,2.4749062870798395e-225,5.438977559538105e-225,8.40304883199637e-225,0.1712203208451515,0.04154176380669754,0.0013459925068454491
qwen-7b_newlayout,energy,E,news,stuart_maxwell,2,2,1.0,4.064623281749445e-48,4.064623281749445e-48,4.064623281749445e-48,0.09563508867979802,0.01936132763389488,0.0002766252054467533
qwen-7b_newlayout,energy,E,sst2,stuart_maxwell,2,2,1.0,2.4169539555852844e-34,2.4169539555852844e-34,2.4169539555852844e-34,0.08798033025085283,0.014199999999999994,0.00015969819043357928
qwen-7b_newlayout,energy,I,fiqasa,stuart_maxwell,2,2,1.0,1.2501528663867415e-09,1.2501528663867415e-09,1.2501528663867415e-09,0.13219892525934995,0.03665814151747654,0.0012317544860523683
qwen-7b_newlayout,energy,I,imdb,stuart_maxwell,2,2,1.0,4.654558727749397e-16,4.654558727749397e-16,4.654558727749397e-16,0.05941676057897872,0.0067999999999999615,3.750224864617354e-05
qwen-7b_newlayout,energy,I,imdb_sklearn,stuart_maxwell,2,2,1.0,3.4390344703568714e-06,3.4390344703568714e-06,3.4390344703568714e-06,0.03546874652873714,0.003800000000000002,0.0004442873087498159
qwen-7b_newlayout,energy,I,mental,mcnemar_exact,2,2,1.0,0.0,0.0,0.0,0.22626724183648367,0.06081454248591085,0.00292164734767446
qwen-7b_newlayout,energy,I,news,stuart_maxwell,2,2,1.0,3.2976603525300046e-80,3.2976603525300046e-80,3.2976603525300046e-80,0.12385206506623196,0.02916771435755599,0.0007699949317662227
qwen-7b_newlayout,energy,I,sst2,stuart_maxwell,2,2,1.0,2.4169539555852844e-34,2.4169539555852844e-34,2.4169539555852844e-34,0.08798033025085283,0.014199999999999997,0.0001590633737207749
qwen-7b_newlayout,execution,J,fiqasa,stuart_maxwell,2,2,1.0,6.825603376334866e-08,6.825603376334866e-08,6.825603376334866e-08,0.1186022603649815,0.02813299232736574,0.0006895881894961164
qwen-7b_newlayout,execution,J,imdb,stuart_maxwell,2,2,1.0,0.010431376298345108,0.010431376298345108,0.010431376298345108,0.02136103242574446,0.0014999999999999788,2.432387352904286e-05
qwen-7b_newlayout,execution,J,imdb_sklearn,stuart_maxwell,2,2,1.0,1.0404212719951062e-10,1.0404212719951062e-10,1.0404212719951062e-10,0.04794395189132775,0.00670000000000001,0.0004367827259050802
qwen-7b_newlayout,execution,J,mental,mcnemar_exact,2,2,1.0,0.0,0.0,0.0,0.21784858363534576,0.057573702354580036,0.0026126245322474467
qwen-7b_newlayout,execution,J,news,stuart_maxwell,2,2,1.0,4.7421811523724566e-67,4.7421811523724566e-67,4.7421811523724566e-67,0.1131370494455938,0.02288156902187577,0.0004571943024782657
qwen-7b_newlayout,execution,J,sst2,stuart_maxwell,2,2,1.0,3.4115430773420722e-18,3.4115430773420722e-18,3.4115430773420722e-18,0.06341874089699512,0.006900000000000007,0.00019609191526583688
qwen-7b_newlayout,execution,P,fiqasa,stuart_maxwell,2,2,1.0,1.522997974471264e-08,1.522997974471264e-08,1.522997974471264e-08,0.1238760208523001,0.03069053708439895,0.0007873472335357262
qwen-7b_newlayout,execution,P,imdb,stuart_maxwell,2,2,1.0,0.003998887304499968,0.003998887304499968,0.003998887304499968,0.023498381072820276,0.0014000000000000345,9.811962986528143e-06
qwen-7b_newlayout,execution,P,imdb_sklearn,stuart_maxwell,2,2,1.0,1.0466910100636915e-18,1.0466910100636915e-18,1.0466910100636915e-18,0.06434352951532003,0.010499999999999975,0.0006930159016355145
qwen-7b_newlayout,execution,P,mental,mcnemar_exact,2,2,1.0,2.437218572759079e-208,5.050360482774472e-208,7.6635023927898645e-208,0.16532440315959634,0.040066330292429495,0.0012512140398429697
qwen-7b_newlayout,execution,P,news,stuart_maxwell,2,2,1.0,1.2204454726931417e-91,1.2204454726931417e-91,1.2204454726931417e-91,0.132459638785558,0.03553767496437854,0.0009503100552516342
qwen-7b_newlayout,execution,P,sst2,stuart_maxwell,2,2,1.0,3.997556067759954e-08,5.639709134257948e-08,7.281862200755943e-08,0.040906970775388116,0.004649999999999994,8.039927056096316e-05
qwen-7b_newlayout,information,N,fiqasa,stuart_maxwell,2,2,1.0,1.898638642878406e-07,1.898638642878406e-07,1.898638642878406e-07,0.11486660978619029,0.030690537084398978,0.0008149132008715473
qwen-7b_newlayout,information,N,imdb,stuart_maxwell,2,2,1.0,4.256970039476739e-05,4.256970039476739e-05,4.256970039476739e-05,0.0317243878051129,0.002600000000000024,6.323468515633272e-05
qwen-7b_newlayout,information,N,imdb_sklearn,stuart_maxwell,2,2,1.0,1.3818936016491583e-26,1.3818936016491583e-26,1.3818936016491583e-26,0.07716460178355095,0.013800000000000026,0.0013067481642005565
qwen-7b_newlayout,information,N,mental,mcnemar_exact,2,2,1.0,0.0,0.0,0.0,0.27824736601389255,0.08245666610886734,0.005454271972501727
qwen-7b_newlayout,information,N,news,stuart_maxwell,2,0,0.0,0.13650978328591554,0.13650978328591554,0.13650978328591554,0.01291922188314674,0.0026820886765568305,6.314451899920581e-06
qwen-7b_newlayout,information,N,sst2,stuart_maxwell,2,2,1.0,1.2746619071887693e-26,1.2746619071887693e-26,1.2746619071887693e-26,0.07721692265639128,0.012599999999999986,0.00013429075642898219
qwen-7b_newlayout,information,S,fiqasa,stuart_maxwell,2,2,1.0,1.1253517471925916e-07,1.1253517471925916e-07,1.1253517471925916e-07,0.11679143249475675,0.027280477408354625,0.0006178432205260417
qwen-7b_newlayout,information,S,imdb,stuart_maxwell,2,2,1.0,2.9619734877256966e-09,2.9619734877256966e-09,2.9619734877256966e-09,0.044314117470556094,0.004599999999999993,8.205317789643945e-05
qwen-7b_newlayout,information,S,imdb_sklearn,stuart_maxwell,2,2,1.0,1.0359130259707558e-05,1.0359130259707558e-05,1.0359130259707558e-05,0.03387866921297642,0.004099999999999997,0.0002348190349638759
qwen-7b_newlayout,information,S,mental,mcnemar_exact,2,2,1.0,1.7603424794678207e-69,2.4116146433910486e-69,3.0628868073142767e-69,0.09749437592191709,0.022370978839865246,0.00038588569165556256
qwen-7b_newlayout,information,S,news,stuart_maxwell,2,2,1.0,3.8522067661650966e-31,3.8522067661650966e-31,3.8522067661650966e-31,0.07661402264864729,0.014919118263347617,0.00019250053966997274
qwen-7b_newlayout,information,S,sst2,stuart_maxwell,2,2,1.0,4.4606725260976854e-33,4.4606725260976854e-33,4.4606725260976854e-33,0.0863075944071751,0.014600000000000023,0.0003588846248263164
