model_root,pair,dataset,domain,run,model,base_accuracy_strict,base_f1_macro_strict,accuracy_strict,f1_macro_strict,delta_accuracy_strict,delta_f1_macro_strict,delta_acc_bucket,delta_f1_bucket,n_total,source_file
llama-3b_newlayout,ST-NF,fiqasa,finance,avg,NF,0.5140664961636828,0.4598915552665369,0.7664109121909634,0.6178760740605387,0.2523444160272805,0.15798451879400177,improve,improve,1173.0,llama-3b_newlayout/ST-NF/summaries/sentiment.csv
llama-3b_newlayout,ST-NF,imdb,movie,avg,NF,0.9265,0.927965996497824,0.9263,0.9307218150709278,-0.00019999999999997797,0.0027558185731038076,tie,tie,10000.0,llama-3b_newlayout/ST-NF/summaries/sentiment.csv
llama-3b_newlayout,ST-NF,imdb_sklearn,movie,avg,NF,0.9336,0.9335448794648232,0.9344,0.9365407090594796,0.0008000000000000229,0.002995829594656385,tie,tie,10000.0,llama-3b_newlayout/ST-NF/summaries/sentiment.csv
llama-3b_newlayout,ST-NF,mental,mental,avg,NF,0.5971272876177277,0.5481880514291009,0.5382398336850727,0.5004735864382379,-0.05888745393265504,-0.04771446499086296,decline,decline,31747.0,llama-3b_newlayout/ST-NF/summaries/sentiment.csv
llama-3b_newlayout,ST-NF,news,finance,avg,NF,0.600033526108457,0.6044963210398845,0.4023133014835303,0.4508346418976605,-0.19772022462492667,-0.153661679142224,decline,decline,11931.0,llama-3b_newlayout/ST-NF/summaries/sentiment.csv
llama-3b_newlayout,ST-NF,sst2,movie,avg,NF,0.8071,0.829650405547375,0.8751,0.8915933532889913,0.06799999999999995,0.06194294774161624,improve,improve,10000.0,llama-3b_newlayout/ST-NF/summaries/sentiment.csv
llama-3b_newlayout,ST-NF,fiqasa,finance,avg,ST,0.5140664961636828,0.4598915552665369,0.4978687127024723,0.4377313567989506,-0.016197783461210535,-0.022160198467586323,decline,decline,1173.0,llama-3b_newlayout/ST-NF/summaries/sentiment.csv
llama-3b_newlayout,ST-NF,imdb,movie,avg,ST,0.9265,0.927965996497824,0.88995,0.8951125309102369,-0.03654999999999997,-0.03285346558758706,decline,decline,10000.0,llama-3b_newlayout/ST-NF/summaries/sentiment.csv
llama-3b_newlayout,ST-NF,imdb_sklearn,movie,avg,ST,0.9336,0.9335448794648232,0.9004000000000001,0.9029152122252764,-0.033199999999999896,-0.030629667239546854,decline,decline,10000.0,llama-3b_newlayout/ST-NF/summaries/sentiment.csv
llama-3b_newlayout,ST-NF,mental,mental,avg,ST,0.5971272876177277,0.5481880514291009,0.7854757929883138,0.7969543532636801,0.18834850537058612,0.24876630183457926,improve,improve,31747.0,llama-3b_newlayout/ST-NF/summaries/sentiment.csv
llama-3b_newlayout,ST-NF,news,finance,avg,ST,0.600033526108457,0.6044963210398845,0.6972592406336434,0.6731303627632751,0.09722571452518647,0.0686340417233906,improve,improve,11931.0,llama-3b_newlayout/ST-NF/summaries/sentiment.csv
llama-3b_newlayout,ST-NF,sst2,movie,avg,ST,0.8071,0.829650405547375,0.68455,0.7027565867237505,-0.12255000000000005,-0.1268938188236245,decline,decline,10000.0,llama-3b_newlayout/ST-NF/summaries/sentiment.csv
llama-3b_newlayout,decision,fiqasa,finance,avg,F,0.5140664961636828,0.4598915552665369,0.6521739130434783,0.5554494922533697,0.13810741687979544,0.09555793698683279,improve,improve,1173.0,llama-3b_newlayout/decision/summaries/sentiment.csv
llama-3b_newlayout,decision,imdb,movie,avg,F,0.9265,0.927965996497824,0.9312,0.9342574717149392,0.0047000000000000375,0.006291475217115261,tie,improve,10000.0,llama-3b_newlayout/decision/summaries/sentiment.csv
llama-3b_newlayout,decision,imdb_sklearn,movie,avg,F,0.9336,0.9335448794648232,0.9356,0.935585375847112,0.0020000000000000018,0.002040496382288759,tie,tie,10000.0,llama-3b_newlayout/decision/summaries/sentiment.csv
llama-3b_newlayout,decision,mental,mental,avg,F,0.5971272876177277,0.5481880514291009,0.559832425111034,0.4853706358161589,-0.03729486250669367,-0.06281741561294196,decline,decline,31747.0,llama-3b_newlayout/decision/summaries/sentiment.csv
llama-3b_newlayout,decision,news,finance,avg,F,0.600033526108457,0.6044963210398845,0.5442125555276172,0.5551737664774236,-0.05582097058083979,-0.04932255456246093,decline,decline,11931.0,llama-3b_newlayout/decision/summaries/sentiment.csv
llama-3b_newlayout,decision,sst2,movie,avg,F,0.8071,0.829650405547375,0.8576,0.8773311113525764,0.05049999999999999,0.04768070580520134,improve,improve,10000.0,llama-3b_newlayout/decision/summaries/sentiment.csv
llama-3b_newlayout,decision,fiqasa,finance,avg,T,0.5140664961636828,0.4598915552665369,0.4317988064791134,0.3897006678256151,-0.08226768968456943,-0.07019088744092183,decline,decline,1173.0,llama-3b_newlayout/decision/summaries/sentiment.csv
llama-3b_newlayout,decision,imdb,movie,avg,T,0.9265,0.927965996497824,0.8967499999999999,0.9020212780945438,-0.029750000000000054,-0.025944718403280165,decline,decline,10000.0,llama-3b_newlayout/decision/summaries/sentiment.csv
llama-3b_newlayout,decision,imdb_sklearn,movie,avg,T,0.9336,0.9335448794648232,0.90325,0.9027068766644571,-0.030349999999999988,-0.030838002800366082,decline,decline,10000.0,llama-3b_newlayout/decision/summaries/sentiment.csv
llama-3b_newlayout,decision,mental,mental,avg,T,0.5971272876177277,0.5481880514291009,0.5967335496267363,0.5440693202372702,-0.00039373799099140516,-0.004118731191830705,tie,tie,31747.0,llama-3b_newlayout/decision/summaries/sentiment.csv
llama-3b_newlayout,decision,news,finance,avg,T,0.600033526108457,0.6044963210398845,0.659668091526276,0.6494256080603952,0.059634565417819085,0.04492928702051069,improve,improve,11931.0,llama-3b_newlayout/decision/summaries/sentiment.csv
llama-3b_newlayout,decision,sst2,movie,avg,T,0.8071,0.829650405547375,0.7042999999999999,0.7355681452474598,-0.10280000000000011,-0.09408226029991518,decline,decline,10000.0,llama-3b_newlayout/decision/summaries/sentiment.csv
llama-3b_newlayout,energy,fiqasa,finance,avg,E,0.5140664961636828,0.4598915552665369,0.7578857630008525,0.595157855259749,0.2438192668371697,0.13526629999321205,improve,improve,1173.0,llama-3b_newlayout/energy/summaries/sentiment.csv
llama-3b_newlayout,energy,imdb,movie,avg,E,0.9265,0.927965996497824,0.931,0.9322557101002048,0.0045000000000000595,0.00428971360238084,tie,tie,10000.0,llama-3b_newlayout/energy/summaries/sentiment.csv
llama-3b_newlayout,energy,imdb_sklearn,movie,avg,E,0.9336,0.9335448794648232,0.93735,0.9373760831308372,0.003750000000000031,0.0038312036660139714,tie,tie,10000.0,llama-3b_newlayout/energy/summaries/sentiment.csv
llama-3b_newlayout,energy,mental,mental,avg,E,0.5971272876177277,0.5481880514291009,0.6251614325763064,0.594763245620485,0.0280341449585787,0.04657519419138412,improve,improve,31747.0,llama-3b_newlayout/energy/summaries/sentiment.csv
llama-3b_newlayout,energy,news,finance,avg,E,0.600033526108457,0.6044963210398845,0.4998323694577152,0.5206305283000596,-0.10020115665074175,-0.08386579273982486,decline,decline,11931.0,llama-3b_newlayout/energy/summaries/sentiment.csv
llama-3b_newlayout,energy,sst2,movie,avg,E,0.8071,0.829650405547375,0.86115,0.8709661247661735,0.05404999999999993,0.04131571921879851,improve,improve,10000.0,llama-3b_newlayout/energy/summaries/sentiment.csv
llama-3b_newlayout,energy,fiqasa,finance,avg,I,0.5140664961636828,0.4598915552665369,0.5358056265984654,0.470285018356557,0.021739130434782594,0.010393463090020094,improve,improve,1173.0,llama-3b_newlayout/energy/summaries/sentiment.csv
llama-3b_newlayout,energy,imdb,movie,avg,I,0.9265,0.927965996497824,0.9183,0.920310314928281,-0.008199999999999985,-0.007655681569542994,decline,decline,10000.0,llama-3b_newlayout/energy/summaries/sentiment.csv
llama-3b_newlayout,energy,imdb_sklearn,movie,avg,I,0.9336,0.9335448794648232,0.93005,0.9300093645941908,-0.003549999999999942,-0.003535514870632417,tie,tie,10000.0,llama-3b_newlayout/energy/summaries/sentiment.csv
llama-3b_newlayout,energy,mental,mental,avg,I,0.5971272876177277,0.5481880514291009,0.5652345103474344,0.4983711551786129,-0.03189277727029327,-0.04981689625048796,decline,decline,31747.0,llama-3b_newlayout/energy/summaries/sentiment.csv
llama-3b_newlayout,energy,news,finance,avg,I,0.600033526108457,0.6044963210398845,0.6686363255385132,0.6494292286620509,0.0686027994300562,0.044932907622166396,improve,improve,11931.0,llama-3b_newlayout/energy/summaries/sentiment.csv
llama-3b_newlayout,energy,sst2,movie,avg,I,0.8071,0.829650405547375,0.77,0.7985884525457474,-0.03710000000000002,-0.031061953001627618,decline,decline,10000.0,llama-3b_newlayout/energy/summaries/sentiment.csv
llama-3b_newlayout,execution,fiqasa,finance,avg,J,0.5140664961636828,0.4598915552665369,0.6602728047740836,0.5398590209395104,0.14620630861040074,0.07996746567297353,improve,improve,1173.0,llama-3b_newlayout/execution/summaries/sentiment.csv
llama-3b_newlayout,execution,imdb,movie,avg,J,0.9265,0.927965996497824,0.92285,0.9236230383323144,-0.003650000000000042,-0.004342958165509558,tie,tie,10000.0,llama-3b_newlayout/execution/summaries/sentiment.csv
llama-3b_newlayout,execution,imdb_sklearn,movie,avg,J,0.9336,0.9335448794648232,0.933,0.9335971097552214,-0.0005999999999999339,5.2230290398136425e-05,tie,tie,10000.0,llama-3b_newlayout/execution/summaries/sentiment.csv
llama-3b_newlayout,execution,mental,mental,avg,J,0.5971272876177277,0.5481880514291009,0.6218540334519798,0.5943192263078836,0.02472674583425205,0.04613117487878271,improve,improve,31747.0,llama-3b_newlayout/execution/summaries/sentiment.csv
llama-3b_newlayout,execution,news,finance,avg,J,0.600033526108457,0.6044963210398845,0.5933283044170647,0.5944461322522188,-0.006705221691392205,-0.010050188787665726,decline,decline,11931.0,llama-3b_newlayout/execution/summaries/sentiment.csv
llama-3b_newlayout,execution,sst2,movie,avg,J,0.8071,0.829650405547375,0.7986,0.8050620992900875,-0.008500000000000063,-0.024588306257287473,decline,decline,10000.0,llama-3b_newlayout/execution/summaries/sentiment.csv
llama-3b_newlayout,execution,fiqasa,finance,avg,P,0.5140664961636828,0.4598915552665369,0.5895140664961638,0.5069568398439803,0.07544757033248095,0.04706528457744341,improve,improve,1173.0,llama-3b_newlayout/execution/summaries/sentiment.csv
llama-3b_newlayout,execution,imdb,movie,avg,P,0.9265,0.927965996497824,0.9264,0.9303555337751632,-9.999999999998899e-05,0.00238953727733926,tie,tie,10000.0,llama-3b_newlayout/execution/summaries/sentiment.csv
llama-3b_newlayout,execution,imdb_sklearn,movie,avg,P,0.9336,0.9335448794648232,0.93715,0.939879279738404,0.003550000000000053,0.006334400273580787,tie,improve,10000.0,llama-3b_newlayout/execution/summaries/sentiment.csv
llama-3b_newlayout,execution,mental,mental,avg,P,0.5971272876177277,0.5481880514291009,0.733439380098907,0.7734170753158666,0.13631209248117926,0.2252290238867657,improve,improve,31747.0,llama-3b_newlayout/execution/summaries/sentiment.csv
llama-3b_newlayout,execution,news,finance,avg,P,0.600033526108457,0.6044963210398845,0.5630709915346577,0.566368292112998,-0.03696253457379928,-0.03812802892688649,decline,decline,11931.0,llama-3b_newlayout/execution/summaries/sentiment.csv
llama-3b_newlayout,execution,sst2,movie,avg,P,0.8071,0.829650405547375,0.77965,0.8324579401054599,-0.027450000000000085,0.002807534558084912,decline,tie,10000.0,llama-3b_newlayout/execution/summaries/sentiment.csv
llama-3b_newlayout,information,fiqasa,finance,avg,N,0.5140664961636828,0.4598915552665369,0.5515771526001705,0.4854572696297754,0.037510656436487655,0.025565714363238512,improve,improve,1173.0,llama-3b_newlayout/information/summaries/sentiment.csv
llama-3b_newlayout,information,imdb,movie,avg,N,0.9265,0.927965996497824,0.91325,0.9248520077690676,-0.013249999999999984,-0.003113988728756345,decline,tie,10000.0,llama-3b_newlayout/information/summaries/sentiment.csv
llama-3b_newlayout,information,imdb_sklearn,movie,avg,N,0.9336,0.9335448794648232,0.9342,0.93423310689792,0.0006000000000000449,0.0006882274330968219,tie,tie,10000.0,llama-3b_newlayout/information/summaries/sentiment.csv
llama-3b_newlayout,information,mental,mental,avg,N,0.5971272876177277,0.5481880514291009,0.56317132327464,0.4887805819687594,-0.033955964343087675,-0.05940746946034148,decline,decline,31747.0,llama-3b_newlayout/information/summaries/sentiment.csv
llama-3b_newlayout,information,news,finance,avg,N,0.600033526108457,0.6044963210398845,0.4857514039057916,0.5168150474843185,-0.11428212220266537,-0.08768127355556599,decline,decline,11931.0,llama-3b_newlayout/information/summaries/sentiment.csv
llama-3b_newlayout,information,sst2,movie,avg,N,0.8071,0.829650405547375,0.7779,0.8322306373735404,-0.029200000000000004,0.0025802318261654023,decline,tie,10000.0,llama-3b_newlayout/information/summaries/sentiment.csv
llama-3b_newlayout,information,fiqasa,finance,avg,S,0.5140664961636828,0.4598915552665369,0.6035805626598465,0.5004206480257969,0.08951406649616367,0.04052909275925998,improve,improve,1173.0,llama-3b_newlayout/information/summaries/sentiment.csv
llama-3b_newlayout,information,imdb,movie,avg,S,0.9265,0.927965996497824,0.9123,0.9123239707394948,-0.01419999999999999,-0.01564202575832918,decline,decline,10000.0,llama-3b_newlayout/information/summaries/sentiment.csv
llama-3b_newlayout,information,imdb_sklearn,movie,avg,S,0.9336,0.9335448794648232,0.9132,0.912860315031966,-0.020399999999999974,-0.020684564432857266,decline,decline,10000.0,llama-3b_newlayout/information/summaries/sentiment.csv
llama-3b_newlayout,information,mental,mental,avg,S,0.5971272876177277,0.5481880514291009,0.6225312627964847,0.5779823474677219,0.025403975178757032,0.02979429603862105,improve,improve,31747.0,llama-3b_newlayout/information/summaries/sentiment.csv
llama-3b_newlayout,information,news,finance,avg,S,0.600033526108457,0.6044963210398845,0.6113485877126812,0.607486408403984,0.011315061604224241,0.0029900873640995584,improve,tie,11931.0,llama-3b_newlayout/information/summaries/sentiment.csv
llama-3b_newlayout,information,sst2,movie,avg,S,0.8071,0.829650405547375,0.75875,0.7568940552036891,-0.048350000000000004,-0.07275635034368588,decline,decline,10000.0,llama-3b_newlayout/information/summaries/sentiment.csv
qwen-3b_newlayout,decision,fiqasa,finance,avg,F,0.7570332480818415,0.6343998774617803,0.7928388746803069,0.6376767932922134,0.03580562659846542,0.0032769158304331025,improve,tie,1173.0,qwen-3b_newlayout/decision/summaries/sentiment.csv
qwen-3b_newlayout,decision,imdb,movie,avg,F,0.9315,0.93143453300646,0.9359,0.9358857659989096,0.0043999999999999595,0.00445123299244965,tie,tie,10000.0,qwen-3b_newlayout/decision/summaries/sentiment.csv
qwen-3b_newlayout,decision,imdb_sklearn,movie,avg,F,0.9195,0.9192950359506324,0.9252,0.9250899174177014,0.005700000000000038,0.0057948814670689686,improve,improve,10000.0,qwen-3b_newlayout/decision/summaries/sentiment.csv
qwen-3b_newlayout,decision,mental,mental,avg,F,0.899549563738306,0.899497582631908,0.8709799351119791,0.8708290595454202,-0.028569628626326837,-0.028668523086487818,decline,decline,31747.0,qwen-3b_newlayout/decision/summaries/sentiment.csv
qwen-3b_newlayout,decision,news,finance,avg,F,0.7816612186740424,0.7485947871882003,0.7453692062693823,0.7111373013888578,-0.03629201240466007,-0.037457485799342494,decline,decline,11931.0,qwen-3b_newlayout/decision/summaries/sentiment.csv
qwen-3b_newlayout,decision,sst2,movie,avg,F,0.7585,0.7547073485797242,0.8106,0.8096787734133709,0.052100000000000035,0.0549714248336467,improve,improve,10000.0,qwen-3b_newlayout/decision/summaries/sentiment.csv
qwen-3b_newlayout,decision,fiqasa,finance,avg,T,0.7570332480818415,0.6343998774617803,0.7024722932651322,0.6056967627951487,-0.054560954816709306,-0.028703114666631557,decline,decline,1173.0,qwen-3b_newlayout/decision/summaries/sentiment.csv
qwen-3b_newlayout,decision,imdb,movie,avg,T,0.9315,0.93143453300646,0.9267,0.9265610351187034,-0.0048000000000000265,-0.004873497887756595,tie,tie,10000.0,qwen-3b_newlayout/decision/summaries/sentiment.csv
qwen-3b_newlayout,decision,imdb_sklearn,movie,avg,T,0.9195,0.9192950359506324,0.9107,0.9106556960035432,-0.00880000000000003,-0.008639339947089208,decline,decline,10000.0,qwen-3b_newlayout/decision/summaries/sentiment.csv
qwen-3b_newlayout,decision,mental,mental,avg,T,0.899549563738306,0.899497582631908,0.9095032601505654,0.909180696782071,0.009953696412259405,0.009683114150162986,improve,improve,31747.0,qwen-3b_newlayout/decision/summaries/sentiment.csv
qwen-3b_newlayout,decision,news,finance,avg,T,0.7816612186740424,0.7485947871882003,0.7950716620568268,0.7562167187262708,0.01341044338278441,0.007621931538070559,improve,improve,11931.0,qwen-3b_newlayout/decision/summaries/sentiment.csv
qwen-3b_newlayout,decision,sst2,movie,avg,T,0.7585,0.7547073485797242,0.7084,0.6989326267045294,-0.05009999999999992,-0.05577472187519483,decline,decline,10000.0,qwen-3b_newlayout/decision/summaries/sentiment.csv
qwen-3b_newlayout,energy,fiqasa,finance,avg,E,0.7570332480818415,0.6343998774617803,0.7945439045183291,0.6514843484883209,0.037510656436487655,0.01708447102654065,improve,improve,1173.0,qwen-3b_newlayout/energy/summaries/sentiment.csv
qwen-3b_newlayout,energy,imdb,movie,avg,E,0.9315,0.93143453300646,0.9357,0.9356775070674463,0.0041999999999999815,0.004242974060986393,tie,tie,10000.0,qwen-3b_newlayout/energy/summaries/sentiment.csv
qwen-3b_newlayout,energy,imdb_sklearn,movie,avg,E,0.9195,0.9192950359506324,0.9345,0.9344852586066013,0.015000000000000013,0.01519022265596881,improve,improve,10000.0,qwen-3b_newlayout/energy/summaries/sentiment.csv
qwen-3b_newlayout,energy,mental,mental,avg,E,0.899549563738306,0.899497582631908,0.8764922669858569,0.8764397233283066,-0.023057296752449052,-0.02305785930360149,decline,decline,31747.0,qwen-3b_newlayout/energy/summaries/sentiment.csv
qwen-3b_newlayout,energy,news,finance,avg,E,0.7816612186740424,0.7485947871882003,0.7829184477411785,0.7484372080395824,0.0012572290671361008,-0.00015757914861791456,tie,tie,11931.0,qwen-3b_newlayout/energy/summaries/sentiment.csv
qwen-3b_newlayout,energy,sst2,movie,avg,E,0.7585,0.7547073485797242,0.8001,0.7988573889011605,0.04160000000000008,0.044150040321436324,improve,improve,10000.0,qwen-3b_newlayout/energy/summaries/sentiment.csv
qwen-3b_newlayout,energy,fiqasa,finance,avg,I,0.7570332480818415,0.6343998774617803,0.7186700767263428,0.6127829750894782,-0.038363171355498715,-0.02161690237230207,decline,decline,1173.0,qwen-3b_newlayout/energy/summaries/sentiment.csv
qwen-3b_newlayout,energy,imdb,movie,avg,I,0.9315,0.93143453300646,0.9247,0.9245492425961388,-0.006800000000000028,-0.006885290410321154,decline,decline,10000.0,qwen-3b_newlayout/energy/summaries/sentiment.csv
qwen-3b_newlayout,energy,imdb_sklearn,movie,avg,I,0.9195,0.9192950359506324,0.9184,0.918185140990316,-0.0010999999999999899,-0.0011098949603164376,tie,tie,10000.0,qwen-3b_newlayout/energy/summaries/sentiment.csv
qwen-3b_newlayout,energy,mental,mental,avg,I,0.899549563738306,0.899497582631908,0.8664125744164803,0.8662239948028801,-0.03313698932182563,-0.033273587829027895,decline,decline,31747.0,qwen-3b_newlayout/energy/summaries/sentiment.csv
qwen-3b_newlayout,energy,news,finance,avg,I,0.7816612186740424,0.7485947871882003,0.801357807392507,0.7495360996063801,0.01969658871846458,0.0009413124181798516,improve,tie,11931.0,qwen-3b_newlayout/energy/summaries/sentiment.csv
qwen-3b_newlayout,energy,sst2,movie,avg,I,0.7585,0.7547073485797242,0.7148,0.7061132160909569,-0.04369999999999996,-0.048594132488767317,decline,decline,10000.0,qwen-3b_newlayout/energy/summaries/sentiment.csv
qwen-3b_newlayout,execution,fiqasa,finance,avg,J,0.7570332480818415,0.6343998774617803,0.7894288150042625,0.6354356250639531,0.03239556692242107,0.001035747602172843,improve,tie,1173.0,qwen-3b_newlayout/execution/summaries/sentiment.csv
qwen-3b_newlayout,execution,imdb,movie,avg,J,0.9315,0.93143453300646,0.9319,0.9318390634411068,0.00039999999999995595,0.0004045304346468326,tie,tie,10000.0,qwen-3b_newlayout/execution/summaries/sentiment.csv
qwen-3b_newlayout,execution,imdb_sklearn,movie,avg,J,0.9195,0.9192950359506324,0.9296,0.9295239009464108,0.010099999999999998,0.010228864995778353,improve,improve,10000.0,qwen-3b_newlayout/execution/summaries/sentiment.csv
qwen-3b_newlayout,execution,mental,mental,avg,J,0.899549563738306,0.899497582631908,0.867735534066211,0.8675636630440682,-0.03181402967209501,-0.031933919587839865,decline,decline,31747.0,qwen-3b_newlayout/execution/summaries/sentiment.csv
qwen-3b_newlayout,execution,news,finance,avg,J,0.7816612186740424,0.7485947871882003,0.7817450339451848,0.7466888180904507,8.381527114242893e-05,-0.001905969097749538,tie,tie,11931.0,qwen-3b_newlayout/execution/summaries/sentiment.csv
qwen-3b_newlayout,execution,sst2,movie,avg,J,0.7585,0.7547073485797242,0.7705,0.7674134795597936,0.01200000000000001,0.012706130980069341,improve,improve,10000.0,qwen-3b_newlayout/execution/summaries/sentiment.csv
qwen-3b_newlayout,execution,fiqasa,finance,avg,P,0.7570332480818415,0.6343998774617803,0.7297527706734868,0.6228626850946063,-0.02728047740835471,-0.011537192367173987,decline,decline,1173.0,qwen-3b_newlayout/execution/summaries/sentiment.csv
qwen-3b_newlayout,execution,imdb,movie,avg,P,0.9315,0.93143453300646,0.9308,0.9307401345426932,-0.0007000000000000339,-0.0006943984637667322,tie,tie,10000.0,qwen-3b_newlayout/execution/summaries/sentiment.csv
qwen-3b_newlayout,execution,imdb_sklearn,movie,avg,P,0.9195,0.9192950359506324,0.9268,0.9267127691626648,0.007299999999999973,0.007417733212032318,improve,improve,10000.0,qwen-3b_newlayout/execution/summaries/sentiment.csv
qwen-3b_newlayout,execution,mental,mental,avg,P,0.899549563738306,0.899497582631908,0.8706019466406275,0.8704982552698288,-0.028947617097678457,-0.02899932736207922,decline,decline,31747.0,qwen-3b_newlayout/execution/summaries/sentiment.csv
qwen-3b_newlayout,execution,news,finance,avg,P,0.7816612186740424,0.7485947871882003,0.7985080881736653,0.7472150315428562,0.016846869499622885,-0.001379755645344094,improve,tie,11931.0,qwen-3b_newlayout/execution/summaries/sentiment.csv
qwen-3b_newlayout,execution,sst2,movie,avg,P,0.7585,0.7547073485797242,0.7454,0.7406896278802304,-0.0131,-0.014017720699493808,decline,decline,10000.0,qwen-3b_newlayout/execution/summaries/sentiment.csv
qwen-3b_newlayout,information,fiqasa,finance,avg,N,0.7570332480818415,0.6343998774617803,0.7595907928388747,0.6378668580738237,0.002557544757033181,0.0034669806120434243,tie,tie,1173.0,qwen-3b_newlayout/information/summaries/sentiment.csv
qwen-3b_newlayout,information,imdb,movie,avg,N,0.9315,0.93143453300646,0.9338,0.9337673579046696,0.0022999999999999687,0.002332824898209629,tie,tie,10000.0,qwen-3b_newlayout/information/summaries/sentiment.csv
qwen-3b_newlayout,information,imdb_sklearn,movie,avg,N,0.9195,0.9192950359506324,0.9295,0.9294884086045874,0.010000000000000009,0.010193372653954924,improve,improve,10000.0,qwen-3b_newlayout/information/summaries/sentiment.csv
qwen-3b_newlayout,information,mental,mental,avg,N,0.899549563738306,0.899497582631908,0.8378429457901534,0.8368013402389158,-0.061706617948152576,-0.06269624239299221,decline,decline,31747.0,qwen-3b_newlayout/information/summaries/sentiment.csv
qwen-3b_newlayout,information,news,finance,avg,N,0.7816612186740424,0.7485947871882003,0.7789791299974855,0.7374131437165977,-0.0026820886765568375,-0.011181643471602554,tie,decline,11931.0,qwen-3b_newlayout/information/summaries/sentiment.csv
qwen-3b_newlayout,information,sst2,movie,avg,N,0.7585,0.7547073485797242,0.7576,0.7537243303973573,-0.0008999999999999009,-0.0009830181823669015,tie,tie,10000.0,qwen-3b_newlayout/information/summaries/sentiment.csv
qwen-3b_newlayout,information,fiqasa,finance,avg,S,0.7570332480818415,0.6343998774617803,0.7689684569479965,0.6441622069943894,0.011935208866155067,0.009762329532609137,improve,improve,1173.0,qwen-3b_newlayout/information/summaries/sentiment.csv
qwen-3b_newlayout,information,imdb,movie,avg,S,0.9315,0.93143453300646,0.9277,0.927588160638224,-0.0038000000000000256,-0.0038463723682359285,tie,tie,10000.0,qwen-3b_newlayout/information/summaries/sentiment.csv
qwen-3b_newlayout,information,imdb_sklearn,movie,avg,S,0.9195,0.9192950359506324,0.9264,0.9262452891683712,0.006900000000000017,0.006950253217738789,improve,improve,10000.0,qwen-3b_newlayout/information/summaries/sentiment.csv
qwen-3b_newlayout,information,mental,mental,avg,S,0.899549563738306,0.899497582631908,0.8949192049642486,0.8949431117426208,-0.004630358774057375,-0.004554470889287288,tie,tie,31747.0,qwen-3b_newlayout/information/summaries/sentiment.csv
qwen-3b_newlayout,information,news,finance,avg,S,0.7816612186740424,0.7485947871882003,0.8012739921213645,0.7584995293104501,0.01961277344732215,0.009904742122249788,improve,improve,11931.0,qwen-3b_newlayout/information/summaries/sentiment.csv
qwen-3b_newlayout,information,sst2,movie,avg,S,0.7585,0.7547073485797242,0.7645,0.7610515912286233,0.006000000000000005,0.006344242648899101,improve,improve,10000.0,qwen-3b_newlayout/information/summaries/sentiment.csv
qwen-7b_newlayout,decision,fiqasa,finance,avg,F,0.6956521739130435,0.635756094201861,0.7306052855924978,0.6562452049819567,0.03495311167945436,0.020489110780095743,improve,improve,1173.0,qwen-7b_newlayout/decision/summaries/sentiment.csv
qwen-7b_newlayout,decision,imdb,movie,avg,F,0.9445,0.9459507481508174,0.9453,0.9472871084639938,0.0008000000000000229,0.0013363603131764101,tie,tie,10000.0,qwen-7b_newlayout/decision/summaries/sentiment.csv
qwen-7b_newlayout,decision,imdb_sklearn,movie,avg,F,0.9465,0.9476730408722372,0.947,0.9494205918898344,0.0004999999999999449,0.0017475510175971598,tie,tie,10000.0,qwen-7b_newlayout/decision/summaries/sentiment.csv
qwen-7b_newlayout,decision,mental,mental,avg,F,0.8391344064006048,0.8374913556458466,0.8083598450247268,0.8047192259107003,-0.030774561375877973,-0.032772129735146316,decline,decline,31747.0,qwen-7b_newlayout/decision/summaries/sentiment.csv
qwen-7b_newlayout,decision,news,finance,avg,F,0.7862710585868745,0.7504109565050944,0.752828765401056,0.7317573548274301,-0.033442293185818484,-0.018653601677664278,decline,decline,11931.0,qwen-7b_newlayout/decision/summaries/sentiment.csv
qwen-7b_newlayout,decision,sst2,movie,avg,F,0.8713,0.8941546967661184,0.8951,0.9116279698117116,0.023800000000000043,0.017473273045593207,improve,improve,10000.0,qwen-7b_newlayout/decision/summaries/sentiment.csv
qwen-7b_newlayout,decision,fiqasa,finance,avg,T,0.6956521739130435,0.635756094201861,0.6555839727195226,0.6121031516890839,-0.040068201193520836,-0.023652942512777053,decline,decline,1173.0,qwen-7b_newlayout/decision/summaries/sentiment.csv
qwen-7b_newlayout,decision,imdb,movie,avg,T,0.9445,0.9459507481508174,0.9404,0.941567398802251,-0.0040999999999999925,-0.004383349348566323,tie,tie,10000.0,qwen-7b_newlayout/decision/summaries/sentiment.csv
qwen-7b_newlayout,decision,imdb_sklearn,movie,avg,T,0.9465,0.9476730408722372,0.9414,0.942715230505326,-0.005099999999999993,-0.0049578103669112306,decline,tie,10000.0,qwen-7b_newlayout/decision/summaries/sentiment.csv
qwen-7b_newlayout,decision,mental,mental,avg,T,0.8391344064006048,0.8374913556458466,0.8666330676914354,0.8660651775380782,0.027498661290830673,0.028573821892231566,improve,improve,31747.0,qwen-7b_newlayout/decision/summaries/sentiment.csv
qwen-7b_newlayout,decision,news,finance,avg,T,0.7862710585868745,0.7504109565050944,0.795323107870254,0.7463662000093098,0.009052049283379437,-0.004044756495784618,improve,tie,11931.0,qwen-7b_newlayout/decision/summaries/sentiment.csv
qwen-7b_newlayout,decision,sst2,movie,avg,T,0.8713,0.8941546967661184,0.8399,0.8701925670674756,-0.031399999999999983,-0.023962129698642753,decline,decline,10000.0,qwen-7b_newlayout/decision/summaries/sentiment.csv
qwen-7b_newlayout,energy,fiqasa,finance,avg,E,0.6956521739130435,0.635756094201861,0.7263427109974424,0.6545848822241199,0.03069053708439895,0.018828788022258958,improve,improve,1173.0,qwen-7b_newlayout/energy/summaries/sentiment.csv
qwen-7b_newlayout,energy,imdb,movie,avg,E,0.9445,0.9459507481508174,0.9457,0.9469245210115458,0.0011999999999999789,0.0009737728607284168,tie,tie,10000.0,qwen-7b_newlayout/energy/summaries/sentiment.csv
qwen-7b_newlayout,energy,imdb_sklearn,movie,avg,E,0.9465,0.9476730408722372,0.9493,0.9520606338287474,0.0028000000000000247,0.004387592956510145,tie,tie,10000.0,qwen-7b_newlayout/energy/summaries/sentiment.csv
qwen-7b_newlayout,energy,mental,mental,avg,E,0.8391344064006048,0.8374913556458466,0.8059659180394998,0.8024795677945966,-0.033168488361104975,-0.03501178785125003,decline,decline,31747.0,qwen-7b_newlayout/energy/summaries/sentiment.csv
qwen-7b_newlayout,energy,news,finance,avg,E,0.7862710585868745,0.7504109565050944,0.7761294107786438,0.7461987546451421,-0.01014164780823068,-0.0042122018599523026,decline,tie,11931.0,qwen-7b_newlayout/energy/summaries/sentiment.csv
qwen-7b_newlayout,energy,sst2,movie,avg,E,0.8713,0.8941546967661184,0.8803,0.9020177950959104,0.009000000000000008,0.00786309832979204,improve,improve,10000.0,qwen-7b_newlayout/energy/summaries/sentiment.csv
qwen-7b_newlayout,energy,fiqasa,finance,avg,I,0.6956521739130435,0.635756094201861,0.6692242114236999,0.620902591396088,-0.026427962489343537,-0.014853502805772911,decline,decline,1173.0,qwen-7b_newlayout/energy/summaries/sentiment.csv
qwen-7b_newlayout,energy,imdb,movie,avg,I,0.9445,0.9459507481508174,0.9424,0.9436848766803608,-0.0020999999999999908,-0.0022658714704565375,tie,tie,10000.0,qwen-7b_newlayout/energy/summaries/sentiment.csv
qwen-7b_newlayout,energy,imdb_sklearn,movie,avg,I,0.9465,0.9476730408722372,0.9477,0.9503545651347288,0.0011999999999999789,0.0026815242624915747,tie,tie,10000.0,qwen-7b_newlayout/energy/summaries/sentiment.csv
qwen-7b_newlayout,energy,mental,mental,avg,I,0.8391344064006048,0.8374913556458466,0.7896809147321007,0.7848187247937061,-0.0494534916685041,-0.05267263085214058,decline,decline,31747.0,qwen-7b_newlayout/energy/summaries/sentiment.csv
qwen-7b_newlayout,energy,news,finance,avg,I,0.7862710585868745,0.7504109565050944,0.8003520241387981,0.7614988531408282,0.014080965551923619,0.01108789663573384,improve,improve,11931.0,qwen-7b_newlayout/energy/summaries/sentiment.csv
qwen-7b_newlayout,energy,sst2,movie,avg,I,0.8713,0.8941546967661184,0.8599,0.8838172897903334,-0.011399999999999966,-0.010337406975785002,decline,decline,10000.0,qwen-7b_newlayout/energy/summaries/sentiment.csv
qwen-7b_newlayout,execution,fiqasa,finance,avg,J,0.6956521739130435,0.635756094201861,0.7092924126172208,0.639969773531471,0.013640238704177299,0.004213679329610032,improve,tie,1173.0,qwen-7b_newlayout/execution/summaries/sentiment.csv
qwen-7b_newlayout,execution,imdb,movie,avg,J,0.9445,0.9459507481508174,0.9444,0.945562614933653,-9.999999999998899e-05,-0.0003881332171643548,tie,tie,10000.0,qwen-7b_newlayout/execution/summaries/sentiment.csv
qwen-7b_newlayout,execution,imdb_sklearn,movie,avg,J,0.9465,0.9476730408722372,0.9484,0.9510129326897868,0.0019000000000000128,0.0033398918175495673,tie,tie,10000.0,qwen-7b_newlayout/execution/summaries/sentiment.csv
qwen-7b_newlayout,execution,mental,mental,avg,J,0.8391344064006048,0.8374913556458466,0.7918858474816518,0.7869485113524266,-0.047248558918952965,-0.05054284429342004,decline,decline,31747.0,qwen-7b_newlayout/execution/summaries/sentiment.csv
qwen-7b_newlayout,execution,news,finance,avg,J,0.7862710585868745,0.7504109565050944,0.7788953147263431,0.751326658772408,-0.007375743860531414,0.0009157022673136339,decline,tie,11931.0,qwen-7b_newlayout/execution/summaries/sentiment.csv
qwen-7b_newlayout,execution,sst2,movie,avg,J,0.8713,0.8941546967661184,0.8744,0.8941314687129662,0.0030999999999999917,-2.3228053152135608e-05,tie,tie,10000.0,qwen-7b_newlayout/execution/summaries/sentiment.csv
qwen-7b_newlayout,execution,fiqasa,finance,avg,P,0.6956521739130435,0.635756094201861,0.6768968456947997,0.6245451012289842,-0.018755328218243772,-0.011210992972876754,decline,decline,1173.0,qwen-7b_newlayout/execution/summaries/sentiment.csv
qwen-7b_newlayout,execution,imdb,movie,avg,P,0.9445,0.9459507481508174,0.9441,0.9457417237617818,-0.00039999999999995595,-0.00020902438903558362,tie,tie,10000.0,qwen-7b_newlayout/execution/summaries/sentiment.csv
qwen-7b_newlayout,execution,imdb_sklearn,movie,avg,P,0.9465,0.9476730408722372,0.9481,0.9511420078532524,0.0016000000000000458,0.0034689669810151758,tie,tie,10000.0,qwen-7b_newlayout/execution/summaries/sentiment.csv
qwen-7b_newlayout,execution,mental,mental,avg,P,0.8391344064006048,0.8374913556458466,0.8072888776892305,0.8046783852678219,-0.03184552871137425,-0.032812970378024775,decline,decline,31747.0,qwen-7b_newlayout/execution/summaries/sentiment.csv
qwen-7b_newlayout,execution,news,finance,avg,P,0.7862710585868745,0.7504109565050944,0.7964127063951052,0.7530542911939984,0.01014164780823068,0.0026433346889039866,improve,tie,11931.0,qwen-7b_newlayout/execution/summaries/sentiment.csv
qwen-7b_newlayout,execution,sst2,movie,avg,P,0.8713,0.8941546967661184,0.8684,0.893496960524619,-0.0029000000000000137,-0.0006577362414993404,tie,tie,10000.0,qwen-7b_newlayout/execution/summaries/sentiment.csv
qwen-7b_newlayout,information,fiqasa,finance,avg,N,0.6956521739130435,0.635756094201861,0.7186700767263428,0.6487523762147565,0.023017902813299296,0.012996282012895488,improve,improve,1173.0,qwen-7b_newlayout/information/summaries/sentiment.csv
qwen-7b_newlayout,information,imdb,movie,avg,N,0.9445,0.9459507481508174,0.9443,0.9462748118502492,-0.00019999999999997797,0.00032406369943183133,tie,tie,10000.0,qwen-7b_newlayout/information/summaries/sentiment.csv
qwen-7b_newlayout,information,imdb_sklearn,movie,avg,N,0.9465,0.9476730408722372,0.9473,0.9512947371478268,0.0008000000000000229,0.0036216962755895032,tie,tie,10000.0,qwen-7b_newlayout/information/summaries/sentiment.csv
qwen-7b_newlayout,information,mental,mental,avg,N,0.8391344064006048,0.8374913556458466,0.7700255142218162,0.7626888513588075,-0.06910889217878857,-0.07480250428703916,decline,decline,31747.0,qwen-7b_newlayout/information/summaries/sentiment.csv
qwen-7b_newlayout,information,news,finance,avg,N,0.7862710585868745,0.7504109565050944,0.780739250691476,0.7457914007611346,-0.005531807895398533,-0.00461955574395978,decline,tie,11931.0,qwen-7b_newlayout/information/summaries/sentiment.csv
qwen-7b_newlayout,information,sst2,movie,avg,N,0.8713,0.8941546967661184,0.8796,0.9013037702216392,0.008300000000000085,0.007149073455520849,improve,improve,10000.0,qwen-7b_newlayout/information/summaries/sentiment.csv
qwen-7b_newlayout,information,fiqasa,finance,avg,S,0.6956521739130435,0.635756094201861,0.680306905370844,0.6289724959753324,-0.01534526854219942,-0.00678359822652852,decline,decline,1173.0,qwen-7b_newlayout/information/summaries/sentiment.csv
qwen-7b_newlayout,information,imdb,movie,avg,S,0.9445,0.9459507481508174,0.9437,0.9446656720396414,-0.0008000000000000229,-0.001285076111176009,tie,tie,10000.0,qwen-7b_newlayout/information/summaries/sentiment.csv
qwen-7b_newlayout,information,imdb_sklearn,movie,avg,S,0.9465,0.9476730408722372,0.9476,0.9497779256664683,0.0010999999999999899,0.002104884794231099,tie,tie,10000.0,qwen-7b_newlayout/information/summaries/sentiment.csv
qwen-7b_newlayout,information,mental,mental,avg,S,0.8391344064006048,0.8374913556458466,0.8224084165432954,0.8203253156377163,-0.01672598985730933,-0.01716604000813038,decline,decline,31747.0,qwen-7b_newlayout/information/summaries/sentiment.csv
qwen-7b_newlayout,information,news,finance,avg,S,0.7862710585868745,0.7504109565050944,0.7944849551588299,0.7580260444108776,0.00821389657195537,0.007615087905783247,improve,improve,11931.0,qwen-7b_newlayout/information/summaries/sentiment.csv
qwen-7b_newlayout,information,sst2,movie,avg,S,0.8713,0.8941546967661184,0.8588,0.8853945119529468,-0.012499999999999956,-0.008760184813171534,decline,decline,10000.0,qwen-7b_newlayout/information/summaries/sentiment.csv
