model_root,pair,model,domain,n_datasets,n_improve_acc,n_decline_acc,n_tie_acc,improve_rate_acc,mean_delta_acc,median_delta_acc,n_improve_f1,n_decline_f1,n_tie_f1,improve_rate_f1,mean_delta_f1,median_delta_f1
llama-3b_newlayout,ST-NF,NF,finance,2,1,1,0,0.5,0.02731209570117693,0.02731209570117693,1,1,0,0.5,0.002161419825888883,0.002161419825888883
llama-3b_newlayout,ST-NF,NF,mental,1,0,1,0,0.0,-0.05888745393265504,-0.05888745393265504,0,1,0,0.0,-0.04771446499086296,-0.04771446499086296
llama-3b_newlayout,ST-NF,NF,movie,3,1,0,2,0.3333333333333333,0.022866666666666664,0.0008000000000000229,1,0,2,0.3333333333333333,0.022564865303125476,0.002995829594656385
llama-3b_newlayout,ST-NF,ST,finance,2,1,1,0,0.5,0.04051396553198797,0.04051396553198797,1,1,0,0.5,0.02323692162790214,0.02323692162790214
llama-3b_newlayout,ST-NF,ST,mental,1,1,0,0,1.0,0.18834850537058612,0.18834850537058612,1,0,0,1.0,0.24876630183457926,0.24876630183457926
llama-3b_newlayout,ST-NF,ST,movie,3,0,3,0,0.0,-0.06409999999999998,-0.03654999999999997,0,3,0,0.0,-0.06345898388358613,-0.03285346558758706
llama-3b_newlayout,decision,F,finance,2,1,1,0,0.5,0.041143223149477826,0.041143223149477826,1,1,0,0.5,0.02311769121218593,0.02311769121218593
llama-3b_newlayout,decision,F,mental,1,0,1,0,0.0,-0.03729486250669367,-0.03729486250669367,0,1,0,0.0,-0.06281741561294196,-0.06281741561294196
llama-3b_newlayout,decision,F,movie,3,1,0,2,0.3333333333333333,0.019066666666666676,0.0047000000000000375,2,0,1,0.6666666666666666,0.018670892468201788,0.006291475217115261
llama-3b_newlayout,decision,T,finance,2,1,1,0,0.5,-0.011316562133375174,-0.011316562133375174,1,1,0,0.5,-0.012630800210205573,-0.012630800210205573
llama-3b_newlayout,decision,T,mental,1,0,0,1,0.0,-0.00039373799099140516,-0.00039373799099140516,0,0,1,0.0,-0.004118731191830705,-0.004118731191830705
llama-3b_newlayout,decision,T,movie,3,0,3,0,0.0,-0.05430000000000005,-0.030349999999999988,0,3,0,0.0,-0.05028832716785381,-0.030838002800366082
llama-3b_newlayout,energy,E,finance,2,1,1,0,0.5,0.07180905509321397,0.07180905509321397,1,1,0,0.5,0.025700253626693592,0.025700253626693592
llama-3b_newlayout,energy,E,mental,1,1,0,0,1.0,0.0280341449585787,0.0280341449585787,1,0,0,1.0,0.04657519419138412,0.04657519419138412
llama-3b_newlayout,energy,E,movie,3,1,0,2,0.3333333333333333,0.020766666666666673,0.0045000000000000595,1,0,2,0.3333333333333333,0.01647887882906444,0.00428971360238084
llama-3b_newlayout,energy,I,finance,2,2,0,0,1.0,0.0451709649324194,0.0451709649324194,2,0,0,1.0,0.027663185356093245,0.027663185356093245
llama-3b_newlayout,energy,I,mental,1,0,1,0,0.0,-0.03189277727029327,-0.03189277727029327,0,1,0,0.0,-0.04981689625048796,-0.04981689625048796
llama-3b_newlayout,energy,I,movie,3,0,2,1,0.0,-0.016283333333333316,-0.008199999999999985,0,2,1,0.0,-0.014084383147267676,-0.007655681569542994
llama-3b_newlayout,execution,J,finance,2,1,1,0,0.5,0.06975054345950427,0.06975054345950427,1,1,0,0.5,0.0349586384426539,0.0349586384426539
llama-3b_newlayout,execution,J,mental,1,1,0,0,1.0,0.02472674583425205,0.02472674583425205,1,0,0,1.0,0.04613117487878271,0.04613117487878271
llama-3b_newlayout,execution,J,movie,3,0,1,2,0.0,-0.004250000000000013,-0.003650000000000042,0,1,2,0.0,-0.009626344710799631,-0.004342958165509558
llama-3b_newlayout,execution,P,finance,2,1,1,0,0.5,0.019242517879340837,0.019242517879340837,1,1,0,0.5,0.0044686278252784595,0.0044686278252784595
llama-3b_newlayout,execution,P,mental,1,1,0,0,1.0,0.13631209248117926,0.13631209248117926,1,0,0,1.0,0.2252290238867657,0.2252290238867657
llama-3b_newlayout,execution,P,movie,3,0,1,2,0.0,-0.008000000000000007,-9.999999999998899e-05,1,0,2,0.3333333333333333,0.0038438240363349863,0.002807534558084912
llama-3b_newlayout,information,N,finance,2,1,1,0,0.5,-0.03838573288308886,-0.03838573288308886,1,1,0,0.5,-0.031057779596163737,-0.031057779596163737
llama-3b_newlayout,information,N,mental,1,0,1,0,0.0,-0.033955964343087675,-0.033955964343087675,0,1,0,0.0,-0.05940746946034148,-0.05940746946034148
llama-3b_newlayout,information,N,movie,3,0,2,1,0.0,-0.013949999999999982,-0.013249999999999984,0,0,3,0.0,5.1490176835293035e-05,0.0006882274330968219
llama-3b_newlayout,information,S,finance,2,2,0,0,1.0,0.050414564050193955,0.050414564050193955,1,0,1,0.5,0.021759590061679768,0.021759590061679768
llama-3b_newlayout,information,S,mental,1,1,0,0,1.0,0.025403975178757032,0.025403975178757032,1,0,0,1.0,0.02979429603862105,0.02979429603862105
llama-3b_newlayout,information,S,movie,3,0,3,0,0.0,-0.02764999999999999,-0.020399999999999974,0,3,0,0.0,-0.03636098017829078,-0.020684564432857266
qwen-3b_newlayout,decision,F,finance,2,1,1,0,0.5,-0.00024319290309732233,-0.00024319290309732233,0,1,1,0.0,-0.017090284984454696,-0.017090284984454696
qwen-3b_newlayout,decision,F,mental,1,0,1,0,0.0,-0.028569628626326837,-0.028569628626326837,0,1,0,0.0,-0.028668523086487818,-0.028668523086487818
qwen-3b_newlayout,decision,F,movie,3,2,0,1,0.6666666666666666,0.020733333333333343,0.005700000000000038,2,0,1,0.6666666666666666,0.02173917976438844,0.0057948814670689686
qwen-3b_newlayout,decision,T,finance,2,1,1,0,0.5,-0.02057525571696245,-0.02057525571696245,1,1,0,0.5,-0.0105405915642805,-0.0105405915642805
qwen-3b_newlayout,decision,T,mental,1,1,0,0,1.0,0.009953696412259405,0.009953696412259405,1,0,0,1.0,0.009683114150162986,0.009683114150162986
qwen-3b_newlayout,decision,T,movie,3,0,2,1,0.0,-0.021233333333333326,-0.00880000000000003,0,2,1,0.0,-0.023095853236680213,-0.008639339947089208
qwen-3b_newlayout,energy,E,finance,2,1,0,1,0.5,0.019383942751811878,0.019383942751811878,1,0,1,0.5,0.008463445938961367,0.008463445938961367
qwen-3b_newlayout,energy,E,mental,1,0,1,0,0.0,-0.023057296752449052,-0.023057296752449052,0,1,0,0.0,-0.02305785930360149,-0.02305785930360149
qwen-3b_newlayout,energy,E,movie,3,2,0,1,0.6666666666666666,0.020266666666666693,0.015000000000000013,2,0,1,0.6666666666666666,0.02119441234613051,0.01519022265596881
qwen-3b_newlayout,energy,I,finance,2,1,1,0,0.5,-0.009333291318517067,-0.009333291318517067,0,1,1,0.0,-0.01033779497706111,-0.01033779497706111
qwen-3b_newlayout,energy,I,mental,1,0,1,0,0.0,-0.03313698932182563,-0.03313698932182563,0,1,0,0.0,-0.033273587829027895,-0.033273587829027895
qwen-3b_newlayout,energy,I,movie,3,0,2,1,0.0,-0.017199999999999993,-0.006800000000000028,0,2,1,0.0,-0.01886310595313497,-0.006885290410321154
qwen-3b_newlayout,execution,J,finance,2,1,0,1,0.5,0.01623969109678175,0.01623969109678175,0,0,2,0.0,-0.0004351107477883476,-0.0004351107477883476
qwen-3b_newlayout,execution,J,mental,1,0,1,0,0.0,-0.03181402967209501,-0.03181402967209501,0,1,0,0.0,-0.031933919587839865,-0.031933919587839865
qwen-3b_newlayout,execution,J,movie,3,2,0,1,0.6666666666666666,0.0074999999999999884,0.010099999999999998,2,0,1,0.6666666666666666,0.007779842136831509,0.010228864995778353
qwen-3b_newlayout,execution,P,finance,2,1,1,0,0.5,-0.005216803954365912,-0.005216803954365912,0,1,1,0.0,-0.006458474006259041,-0.006458474006259041
qwen-3b_newlayout,execution,P,mental,1,0,1,0,0.0,-0.028947617097678457,-0.028947617097678457,0,1,0,0.0,-0.02899932736207922,-0.02899932736207922
qwen-3b_newlayout,execution,P,movie,3,1,1,1,0.3333333333333333,-0.002166666666666687,-0.0007000000000000339,1,1,1,0.3333333333333333,-0.0024314619837427407,-0.0006943984637667322
qwen-3b_newlayout,information,N,finance,2,0,0,2,0.0,-6.22719597618282e-05,-6.22719597618282e-05,0,1,1,0.0,-0.0038573314297795647,-0.0038573314297795647
qwen-3b_newlayout,information,N,mental,1,0,1,0,0.0,-0.061706617948152576,-0.061706617948152576,0,1,0,0.0,-0.06269624239299221,-0.06269624239299221
qwen-3b_newlayout,information,N,movie,3,1,0,2,0.3333333333333333,0.0038000000000000256,0.0022999999999999687,1,0,2,0.3333333333333333,0.0038477264565992173,0.002332824898209629
qwen-3b_newlayout,information,S,finance,2,2,0,0,1.0,0.01577399115673861,0.01577399115673861,2,0,0,1.0,0.009833535827429463,0.009833535827429463
qwen-3b_newlayout,information,S,mental,1,0,0,1,0.0,-0.004630358774057375,-0.004630358774057375,0,0,1,0.0,-0.004554470889287288,-0.004554470889287288
qwen-3b_newlayout,information,S,movie,3,2,0,1,0.6666666666666666,0.0030333333333333323,0.006000000000000005,2,0,1,0.6666666666666666,0.0031493744994673203,0.006344242648899101
qwen-7b_newlayout,decision,F,finance,2,1,1,0,0.5,0.0007554092468179396,0.0007554092468179396,1,1,0,0.5,0.0009177545512157326,0.0009177545512157326
qwen-7b_newlayout,decision,F,mental,1,0,1,0,0.0,-0.030774561375877973,-0.030774561375877973,0,1,0,0.0,-0.032772129735146316,-0.032772129735146316
qwen-7b_newlayout,decision,F,movie,3,1,0,2,0.3333333333333333,0.00836666666666667,0.0008000000000000229,1,0,2,0.3333333333333333,0.006852394792122259,0.0017475510175971598
qwen-7b_newlayout,decision,T,finance,2,1,1,0,0.5,-0.0155080759550707,-0.0155080759550707,0,1,1,0.0,-0.013848849504280836,-0.013848849504280836
qwen-7b_newlayout,decision,T,mental,1,1,0,0,1.0,0.027498661290830673,0.027498661290830673,1,0,0,1.0,0.028573821892231566,0.028573821892231566
qwen-7b_newlayout,decision,T,movie,3,0,2,1,0.0,-0.013533333333333323,-0.005099999999999993,0,1,2,0.0,-0.011101096471373436,-0.0049578103669112306
qwen-7b_newlayout,energy,E,finance,2,1,1,0,0.5,0.010274444638084135,0.010274444638084135,1,0,1,0.5,0.0073082930811533275,0.0073082930811533275
qwen-7b_newlayout,energy,E,mental,1,0,1,0,0.0,-0.033168488361104975,-0.033168488361104975,0,1,0,0.0,-0.03501178785125003,-0.03501178785125003
qwen-7b_newlayout,energy,E,movie,3,1,0,2,0.3333333333333333,0.0043333333333333375,0.0028000000000000247,1,0,2,0.3333333333333333,0.004408154715676867,0.004387592956510145
qwen-7b_newlayout,energy,I,finance,2,1,1,0,0.5,-0.006173498468709959,-0.006173498468709959,1,1,0,0.5,-0.0018828030850195354,-0.0018828030850195354
qwen-7b_newlayout,energy,I,mental,1,0,1,0,0.0,-0.0494534916685041,-0.0494534916685041,0,1,0,0.0,-0.05267263085214058,-0.05267263085214058
qwen-7b_newlayout,energy,I,movie,3,0,1,2,0.0,-0.0040999999999999925,-0.0020999999999999908,0,1,2,0.0,-0.0033072513945833215,-0.0022658714704565375
qwen-7b_newlayout,execution,J,finance,2,1,1,0,0.5,0.0031322474218229424,0.0031322474218229424,0,0,2,0.0,0.002564690798461833,0.002564690798461833
qwen-7b_newlayout,execution,J,mental,1,0,1,0,0.0,-0.047248558918952965,-0.047248558918952965,0,1,0,0.0,-0.05054284429342004,-0.05054284429342004
qwen-7b_newlayout,execution,J,movie,3,0,0,3,0.0,0.0016333333333333384,0.0019000000000000128,0,0,3,0.0,0.0009761768490776923,-2.3228053152135608e-05
qwen-7b_newlayout,execution,P,finance,2,1,1,0,0.5,-0.004306840205006546,-0.004306840205006546,0,1,1,0.0,-0.004283829141986384,-0.004283829141986384
qwen-7b_newlayout,execution,P,mental,1,0,1,0,0.0,-0.03184552871137425,-0.03184552871137425,0,1,0,0.0,-0.032812970378024775,-0.032812970378024775
qwen-7b_newlayout,execution,P,movie,3,0,0,3,0.0,-0.0005666666666666412,-0.00039999999999995595,0,0,3,0.0,0.0008674021168267506,-0.00020902438903558362
qwen-7b_newlayout,information,N,finance,2,1,1,0,0.5,0.008743047458950381,0.008743047458950381,1,0,1,0.5,0.004188363134467854,0.004188363134467854
qwen-7b_newlayout,information,N,mental,1,0,1,0,0.0,-0.06910889217878857,-0.06910889217878857,0,1,0,0.0,-0.07480250428703916,-0.07480250428703916
qwen-7b_newlayout,information,N,movie,3,1,0,2,0.3333333333333333,0.00296666666666671,0.0008000000000000229,1,0,2,0.3333333333333333,0.003698277810180728,0.0036216962755895032
qwen-7b_newlayout,information,S,finance,2,1,1,0,0.5,-0.0035656859851220246,-0.0035656859851220246,1,1,0,0.5,0.0004157448396273633,0.0004157448396273633
qwen-7b_newlayout,information,S,mental,1,0,1,0,0.0,-0.01672598985730933,-0.01672598985730933,0,1,0,0.0,-0.01716604000813038,-0.01716604000813038
qwen-7b_newlayout,information,S,movie,3,0,1,2,0.0,-0.004066666666666663,-0.0008000000000000229,0,1,2,0.0,-0.002646792043372148,-0.001285076111176009
