model,dataset,accuracy,precision,recall,f1,correct,total
BASE,ARC (easy),0.9578725645076356,0.9582532432931907,0.957718888104279,0.9579107047026915,,
BASE,BoolQ,0.8701754385964913,0.8616299226055324,0.8781722864291671,0.8661971484498103,,
BASE,GSM8K,0.09230769230769231,,,,120.0,1300.0
F,ARC (easy),0.9574132492113565,0.9576891424050161,0.9573186785023649,0.9574510026684118,,
F,BoolQ,0.8729838709677419,0.8639645863084819,0.8790997822053723,0.8687090542980579,,
F,GSM8K,0.0939183987682833,,,,122.0,1299.0
T,ARC (easy),0.9579611140304782,0.9583084614551138,0.9577420465431046,0.9579651526151624,,
T,BoolQ,0.8683024536805208,0.8602739795401599,0.8774069476275359,0.8645590201622834,,
T,GSM8K,0.09384615384615384,,,,122.0,1300.0
